Order Date,Region,Manager,Category,Channel,Units,Revenue,Gross Profit,Margin,Avg Unit Price
07.04.2024,South,S. Kim,Storage,Online,40,65214,9672.68,0.1483,1630.35
06.12.2024,Central,R. Silva,Monitors,Partner,4,2725.68,1054.14,0.3867,681.42
16.06.2024,East,D. Orlov,Storage,Retail,45,6298.65,1634.63,0.2595,139.97
20.09.2024,West,L. Chen,Monitors,Online,47,69968.43,22431.41,0.3206,1488.69
02.08.2024,West,S. Kim,Storage,Online,40,38938.4,11312,0.2905,973.46
18.05.2025,South,S. Kim,Laptops,Online,22,2664.2,1134.49,0.4258,121.1
19.05.2025,Central,M. Ivanova,Peripherals,Retail,10,6370.1,2668.49,0.4189,637.01
04.01.2024,South,L. Chen,Storage,Retail,37,9829.05,1912.57,0.1946,265.65
23.10.2024,West,L. Chen,Networking,Retail,56,74520.32,28027.95,0.3761,1330.72
06.08.2025,Central,A. Petrov,Storage,Online,2,2050.1,238.39,0.1163,1025.05
01.08.2025,North,M. Ivanova,Laptops,Retail,52,81190.72,34053.08,0.4194,1561.36
09.02.2025,South,R. Silva,Storage,Retail,55,38678.2,4763.43,0.1232,703.24
14.11.2024,Central,M. Ivanova,Networking,Retail,18,2039.4,166.21,0.0815,113.3
19.06.2025,Central,A. Petrov,Storage,Partner,58,26796,2244.72,0.0838,462
25.01.2025,South,R. Silva,Storage,Partner,13,12847.51,1309.22,0.1019,988.27
02.01.2024,Central,S. Kim,Networking,Partner,19,32970.89,13423.85,0.4071,1735.31
27.07.2025,South,L. Chen,Monitors,Retail,49,54646.27,6771.67,0.1239,1115.23
14.09.2025,Central,D. Orlov,Storage,Online,32,47932.48,20283.12,0.4232,1497.89
23.08.2025,Central,D. Orlov,Networking,Retail,18,5695.02,1125.63,0.1977,316.39
19.01.2024,South,A. Petrov,Storage,Partner,12,16282.08,3441.14,0.2113,1356.84
14.06.2024,Central,D. Orlov,Monitors,Online,40,27835.6,10980.89,0.3945,695.89
24.08.2024,Central,D. Orlov,Peripherals,Retail,19,32325.46,8420.25,0.2605,1701.34
11.08.2024,South,S. Kim,Networking,Retail,15,19758,6884.83,0.3485,1317.2
15.09.2025,Central,L. Chen,Storage,Partner,58,56681.66,18057.63,0.3186,977.27
26.05.2024,West,S. Kim,Storage,Online,51,4478.31,1656.88,0.37,87.81
25.05.2025,East,L. Chen,Monitors,Online,33,5292.87,2290.56,0.4328,160.39
11.02.2024,East,S. Kim,Networking,Online,19,5403.03,1911.84,0.3538,284.37
29.08.2025,East,M. Ivanova,Networking,Partner,43,75277.52,18171.94,0.2414,1750.64
08.05.2025,East,D. Orlov,Peripherals,Partner,17,23582.23,2174.03,0.0922,1387.19
19.07.2024,North,A. Petrov,Monitors,Online,23,20728.75,2989.73,0.1442,901.25
08.11.2024,Central,M. Ivanova,Storage,Partner,49,62714.12,22607.41,0.3605,1279.88
12.08.2024,South,A. Petrov,Laptops,Online,19,11484.74,1284.09,0.1118,604.46
19.09.2024,North,A. Petrov,Networking,Online,27,32782.05,4984.4,0.152,1214.15
27.09.2024,East,S. Kim,Monitors,Online,35,31834.25,12254.49,0.3849,909.55
10.10.2024,North,L. Chen,Storage,Partner,29,11602.32,3179.98,0.2741,400.08
20.01.2024,Central,L. Chen,Storage,Partner,11,9316.89,2563.93,0.2752,846.99
12.10.2024,East,A. Petrov,Peripherals,Retail,7,12310.48,3139.9,0.2551,1758.64
06.08.2025,Central,S. Kim,Peripherals,Online,1,1114.99,188.68,0.1692,1114.99
25.03.2025,West,R. Silva,Laptops,Retail,6,8313.24,2523,0.3035,1385.54
25.02.2024,South,A. Petrov,Monitors,Retail,7,1991.36,687.58,0.3453,284.48
17.01.2025,South,R. Silva,Peripherals,Online,16,6170.88,1311.86,0.2126,385.68
12.03.2025,North,A. Petrov,Monitors,Online,51,86322.6,24491.47,0.2837,1692.6
02.12.2024,North,M. Ivanova,Laptops,Retail,35,16233,3742.31,0.2305,463.8
22.02.2025,West,R. Silva,Monitors,Online,38,58311.38,24267.5,0.4162,1534.51
09.01.2024,South,L. Chen,Monitors,Retail,40,5710.8,1807.39,0.3165,142.77
31.01.2024,North,A. Petrov,Peripherals,Partner,19,32030.2,3432.12,0.1072,1685.8
03.05.2024,North,M. Ivanova,Peripherals,Online,1,1227.14,230.36,0.1877,1227.14
25.11.2024,Central,L. Chen,Monitors,Retail,13,14525.42,3684.21,0.2536,1117.34
03.08.2024,South,M. Ivanova,Peripherals,Partner,45,80373.6,9299.96,0.1157,1786.08
24.03.2025,Central,A. Petrov,Monitors,Partner,8,8728.48,2260.79,0.259,1091.06
06.05.2025,West,D. Orlov,Networking,Retail,46,77986.56,11300.55,0.1449,1695.36
08.12.2024,Central,D. Orlov,Storage,Retail,18,24560.1,3459.03,0.1408,1364.45
29.06.2025,East,M. Ivanova,Peripherals,Partner,36,34250.04,7942.98,0.2319,951.39
17.03.2024,Central,M. Ivanova,Peripherals,Retail,13,7608.38,880.54,0.1157,585.26
05.05.2025,North,R. Silva,Networking,Retail,55,38295.95,13744.9,0.3589,696.29
22.08.2025,South,R. Silva,Laptops,Retail,28,40198.76,8532.1,0.2122,1435.67
06.06.2024,North,M. Ivanova,Storage,Online,57,67450.95,20321.81,0.3013,1183.35
13.10.2024,Central,R. Silva,Laptops,Retail,24,39858.24,17161.39,0.4306,1660.76
05.05.2024,Central,D. Orlov,Peripherals,Online,6,9932.82,1752.19,0.1764,1655.47
18.10.2024,North,L. Chen,Peripherals,Online,9,2457.9,958.78,0.3901,273.1
12.05.2025,West,M. Ivanova,Storage,Partner,1,1549.87,242.85,0.1567,1549.87
14.08.2024,West,D. Orlov,Networking,Retail,51,25655.04,3724.93,0.1452,503.04
07.09.2025,Central,A. Petrov,Laptops,Online,34,11039.46,2945.93,0.2669,324.69
24.07.2025,West,D. Orlov,Monitors,Partner,8,7511.12,1058.21,0.1409,938.89
08.07.2024,East,S. Kim,Networking,Partner,55,63352.85,21436.68,0.3384,1151.87
11.09.2024,South,R. Silva,Laptops,Partner,40,2256.4,614.66,0.2724,56.41
26.04.2024,South,M. Ivanova,Networking,Partner,1,1293.23,368.79,0.2852,1293.23
13.10.2024,South,R. Silva,Peripherals,Partner,12,11175.12,1279.36,0.1145,931.26
12.07.2025,South,D. Orlov,Storage,Retail,55,45338.7,3691.92,0.0814,824.34
26.09.2025,South,M. Ivanova,Networking,Online,6,2927.4,1128.36,0.3854,487.9
05.05.2024,West,M. Ivanova,Laptops,Online,23,12719,3441.75,0.2706,553
06.03.2024,West,S. Kim,Storage,Online,24,42066.72,15110.24,0.3592,1752.78
08.07.2025,South,D. Orlov,Networking,Partner,36,56379.24,15762.15,0.2796,1566.09
04.07.2024,Central,M. Ivanova,Monitors,Retail,30,22593.9,3428.04,0.1517,753.13
26.08.2025,West,D. Orlov,Storage,Partner,57,47101.38,17168.41,0.3645,826.34
01.01.2024,South,L. Chen,Monitors,Online,56,17235.12,2079.62,0.1207,307.77
10.02.2025,North,A. Petrov,Storage,Partner,57,54081.6,9326.7,0.1725,948.8
02.04.2024,East,M. Ivanova,Peripherals,Partner,11,17992.59,6893.14,0.3831,1635.69
22.04.2024,Central,R. Silva,Storage,Partner,23,8967.24,2595.07,0.2894,389.88
15.06.2024,West,A. Petrov,Monitors,Online,45,64325.7,12043.13,0.1872,1429.46
25.01.2025,East,D. Orlov,Networking,Retail,54,34144.2,9121.49,0.2671,632.3
12.02.2024,South,A. Petrov,Peripherals,Partner,57,67459.5,18040.06,0.2674,1183.5
21.02.2024,East,M. Ivanova,Monitors,Online,58,66628.08,22437.35,0.3368,1148.76
16.11.2024,North,A. Petrov,Laptops,Retail,15,15367.35,4347.86,0.2829,1024.49
11.06.2024,Central,R. Silva,Peripherals,Retail,40,15886.4,4449.42,0.2801,397.16
24.02.2024,Central,R. Silva,Storage,Partner,18,28261.62,6686.03,0.2366,1570.09
06.05.2024,South,M. Ivanova,Storage,Partner,40,19731.6,3642.95,0.1846,493.29
11.05.2025,East,D. Orlov,Networking,Retail,24,2708.88,705.33,0.2604,112.87
15.03.2025,Central,M. Ivanova,Monitors,Online,31,35290.09,10463.14,0.2965,1138.39
08.03.2025,Central,M. Ivanova,Storage,Online,16,4310.4,1518.07,0.3522,269.4
18.12.2024,North,R. Silva,Networking,Partner,3,727.2,155.89,0.2144,242.4
08.03.2024,South,M. Ivanova,Storage,Retail,1,1698.88,569.99,0.3355,1698.88
26.07.2025,South,R. Silva,Laptops,Partner,23,4370.92,1832.16,0.4192,190.04
01.08.2025,South,S. Kim,Peripherals,Partner,9,14478.39,6262.2,0.4325,1608.71
16.02.2025,Central,M. Ivanova,Storage,Partner,60,21121.8,6227.95,0.2949,352.03
28.07.2025,Central,S. Kim,Laptops,Retail,10,6752,1003.74,0.1487,675.2
31.10.2024,West,R. Silva,Networking,Retail,30,33936.3,4087.49,0.1204,1131.21
29.09.2025,South,D. Orlov,Storage,Retail,3,4372.92,1199.93,0.2744,1457.64
30.03.2024,North,R. Silva,Storage,Online,35,47321.05,16862.4,0.3563,1352.03
27.08.2025,Central,A. Petrov,Peripherals,Retail,13,14196.26,3719.93,0.262,1092.02
11.05.2025,West,D. Orlov,Laptops,Partner,10,12270.8,2775.3,0.2262,1227.08
15.01.2025,East,R. Silva,Networking,Online,1,1566.86,636.67,0.4063,1566.86
12.09.2025,East,A. Petrov,Laptops,Online,35,13321.7,5469.65,0.4106,380.62
25.01.2024,North,A. Petrov,Laptops,Online,59,101078.21,33062.95,0.3271,1713.19
15.09.2025,North,A. Petrov,Networking,Online,34,21655.96,9266.63,0.4279,636.94
16.07.2024,South,M. Ivanova,Laptops,Partner,32,24479.04,3777.79,0.1543,764.97
18.04.2024,North,A. Petrov,Storage,Retail,50,59794.5,22706.58,0.3797,1195.89
15.05.2024,Central,A. Petrov,Laptops,Online,32,8100.16,2510.06,0.3099,253.13
12.11.2024,East,L. Chen,Laptops,Retail,44,79154.24,26027.23,0.3288,1798.96
27.05.2024,East,R. Silva,Monitors,Online,56,54451.6,10984.7,0.2017,972.35
08.02.2025,Central,R. Silva,Networking,Retail,60,17748.6,4527.7,0.2551,295.81
02.06.2024,West,A. Petrov,Storage,Retail,30,37297.2,3083.68,0.0827,1243.24
29.07.2025,West,R. Silva,Monitors,Partner,51,51467.16,5656.4,0.1099,1009.16
18.01.2024,Central,S. Kim,Monitors,Online,39,51783.03,19136.76,0.3696,1327.77
07.06.2024,South,M. Ivanova,Networking,Retail,36,53658.36,18414.2,0.3432,1490.51
03.06.2025,North,M. Ivanova,Storage,Partner,33,53223.06,7474.31,0.1404,1612.82
17.03.2025,North,M. Ivanova,Peripherals,Online,50,5518.5,1687.27,0.3057,110.37
10.07.2024,West,S. Kim,Storage,Retail,41,43032.37,6089.13,0.1415,1049.57
08.09.2025,South,D. Orlov,Peripherals,Retail,53,66490.62,23504.21,0.3535,1254.54
25.11.2024,East,A. Petrov,Networking,Online,7,1803.69,746.66,0.414,257.67
05.01.2025,North,M. Ivanova,Laptops,Retail,7,4900.84,1559.1,0.3181,700.12
02.01.2024,East,S. Kim,Storage,Partner,12,20218.92,4557.51,0.2254,1684.91
12.01.2025,Central,D. Orlov,Networking,Online,22,17940.56,2115.53,0.1179,815.48
29.10.2024,South,M. Ivanova,Laptops,Partner,57,69187.17,10267.57,0.1484,1213.81
10.09.2024,Central,A. Petrov,Laptops,Retail,2,310.92,47.3,0.1521,155.46
13.03.2024,South,A. Petrov,Laptops,Retail,46,66744.62,10996.28,0.1648,1450.97
20.04.2025,North,D. Orlov,Peripherals,Retail,4,6221.88,678.97,0.1091,1555.47
20.03.2025,East,S. Kim,Laptops,Partner,15,23711.55,4499.18,0.1897,1580.77
03.12.2024,West,S. Kim,Laptops,Online,23,37092.33,11386.84,0.307,1612.71
21.12.2024,South,L. Chen,Monitors,Partner,35,7495.25,1422.57,0.1898,214.15
17.04.2024,East,L. Chen,Peripherals,Partner,6,4180.38,1209.44,0.2893,696.73
14.09.2025,South,A. Petrov,Networking,Partner,33,27482.4,10256.65,0.3732,832.8
10.03.2024,East,M. Ivanova,Monitors,Retail,3,4652.58,1179.82,0.2536,1550.86
06.09.2025,Central,D. Orlov,Storage,Retail,15,3448.65,810.84,0.2351,229.91
11.04.2025,Central,S. Kim,Storage,Partner,34,20517.3,5253.07,0.256,603.45
22.06.2025,East,L. Chen,Peripherals,Online,28,36593.76,3187.83,0.0871,1306.92
03.08.2024,South,M. Ivanova,Laptops,Retail,19,30995.08,11108.92,0.3584,1631.32
24.08.2024,East,A. Petrov,Laptops,Partner,34,20802.9,9091.61,0.437,611.85
21.07.2024,North,M. Ivanova,Networking,Partner,45,73390.95,17986.85,0.2451,1630.91
25.03.2024,Central,R. Silva,Storage,Retail,59,4393.14,830.5,0.189,74.46
28.01.2024,South,M. Ivanova,Monitors,Retail,30,42336.3,17680.66,0.4176,1411.21
29.04.2024,Central,S. Kim,Laptops,Partner,37,47392.19,8614.99,0.1818,1280.87
05.04.2025,West,R. Silva,Networking,Retail,31,40035.88,14953.74,0.3735,1291.48
10.06.2024,Central,A. Petrov,Storage,Partner,9,8782.2,1652.93,0.1882,975.8
15.03.2025,South,S. Kim,Networking,Online,4,1363.48,599.58,0.4397,340.87
06.09.2024,West,R. Silva,Peripherals,Online,22,25619.22,5905.41,0.2305,1164.51
22.08.2025,North,D. Orlov,Monitors,Retail,56,88968.88,29715.6,0.334,1588.73
14.02.2024,West,L. Chen,Laptops,Online,7,2994.53,736.56,0.246,427.79
13.03.2024,Central,L. Chen,Monitors,Online,5,7822.5,2046.14,0.2616,1564.5
26.02.2025,East,L. Chen,Peripherals,Partner,7,9357.53,3131.28,0.3346,1336.79
15.02.2025,East,D. Orlov,Networking,Online,12,8763.84,2700.21,0.3081,730.32
19.08.2025,East,R. Silva,Monitors,Retail,24,29746.32,10955.42,0.3683,1239.43
17.03.2025,Central,A. Petrov,Networking,Partner,27,45022.77,14468.97,0.3214,1667.51
24.09.2025,South,R. Silva,Laptops,Online,39,34822.71,4451.06,0.1278,892.89
13.10.2024,West,A. Petrov,Storage,Online,16,10924.96,2794.13,0.2558,682.81
23.04.2025,North,R. Silva,Peripherals,Partner,30,19569.6,1621.15,0.0828,652.32
19.08.2024,West,S. Kim,Storage,Online,10,1960.2,629.3,0.321,196.02
12.07.2025,North,M. Ivanova,Storage,Partner,20,19214.4,5577.33,0.2903,960.72
05.04.2025,East,R. Silva,Storage,Retail,47,47198.34,9604.09,0.2035,1004.22
31.07.2025,North,D. Orlov,Monitors,Retail,6,6879.72,2489.69,0.3619,1146.62
22.07.2025,North,D. Orlov,Peripherals,Retail,26,10816.78,1124.74,0.104,416.03
05.07.2025,North,A. Petrov,Monitors,Partner,41,37355.51,7499.16,0.2008,911.11
27.07.2024,West,S. Kim,Storage,Partner,24,7335.36,2995.03,0.4083,305.64
22.01.2025,West,R. Silva,Networking,Retail,11,17955.41,5029.44,0.2801,1632.31
07.08.2024,South,S. Kim,Storage,Online,24,20179.92,4285.5,0.2124,840.83
19.07.2025,East,S. Kim,Monitors,Partner,36,16134.48,3755.34,0.2328,448.18
26.07.2024,Central,S. Kim,Laptops,Partner,56,32458.72,7238.97,0.223,579.62
08.01.2024,South,M. Ivanova,Peripherals,Partner,35,29407.35,2410.74,0.082,840.21
04.05.2024,West,A. Petrov,Laptops,Retail,25,20205.75,5309.6,0.2628,808.23
30.06.2024,North,R. Silva,Storage,Retail,56,55975.36,24465.66,0.4371,999.56
02.12.2024,West,M. Ivanova,Storage,Online,30,26465.4,11042.65,0.4172,882.18
22.05.2024,Central,M. Ivanova,Networking,Online,43,17666.12,2783.49,0.1576,410.84
04.07.2025,West,R. Silva,Networking,Retail,60,71056.2,27671.31,0.3894,1184.27
08.09.2024,West,L. Chen,Laptops,Online,25,2383.5,477.63,0.2004,95.34
26.04.2024,Central,M. Ivanova,Monitors,Retail,18,15267.06,3235.69,0.2119,848.17
21.05.2025,West,S. Kim,Laptops,Partner,12,19890.96,5270.78,0.265,1657.58
09.08.2025,North,L. Chen,Monitors,Partner,48,22919.52,4940.19,0.2155,477.49
27.03.2024,East,S. Kim,Laptops,Retail,44,2521.64,579.58,0.2298,57.31
18.11.2024,West,A. Petrov,Peripherals,Partner,17,2000.9,731.61,0.3656,117.7
03.10.2024,South,S. Kim,Laptops,Retail,13,16741.01,1881.19,0.1124,1287.77
27.08.2025,North,M. Ivanova,Storage,Online,22,30673.06,5465.26,0.1782,1394.23
19.01.2024,North,M. Ivanova,Storage,Partner,9,7539.75,3225.23,0.4278,837.75
15.08.2025,West,S. Kim,Peripherals,Retail,52,52664.56,13035.84,0.2475,1012.78
10.04.2024,East,D. Orlov,Peripherals,Partner,25,37806.75,12206.23,0.3229,1512.27
25.07.2024,North,A. Petrov,Storage,Online,18,5953.5,1290.48,0.2168,330.75
12.08.2024,North,M. Ivanova,Peripherals,Online,54,82917.54,9323.24,0.1124,1535.51
02.01.2024,West,D. Orlov,Networking,Online,12,12738.12,2006.42,0.1575,1061.51
21.03.2025,East,L. Chen,Monitors,Partner,18,31684.14,8416.53,0.2656,1760.23
09.07.2024,North,M. Ivanova,Monitors,Retail,45,57489.3,6157.53,0.1071,1277.54
12.05.2025,Central,R. Silva,Laptops,Retail,28,15175.72,3142.55,0.2071,541.99
27.10.2024,North,L. Chen,Storage,Online,18,27351.72,9484.08,0.3467,1519.54
01.02.2025,East,S. Kim,Monitors,Online,37,65372.34,11578.16,0.1771,1766.82
26.06.2025,South,L. Chen,Networking,Partner,45,55068.3,5780.06,0.105,1223.74
10.12.2024,West,S. Kim,Laptops,Retail,47,52455.29,21932.95,0.4181,1116.07
04.01.2025,South,S. Kim,Peripherals,Partner,24,14985.36,1489.35,0.0994,624.39
15.04.2024,South,S. Kim,Laptops,Partner,36,9956.16,1207.64,0.1213,276.56
16.08.2025,West,D. Orlov,Storage,Partner,14,586.6,139.92,0.2385,41.9
21.03.2024,South,M. Ivanova,Laptops,Retail,11,3171.19,620.62,0.1957,288.29
16.09.2025,Central,D. Orlov,Peripherals,Partner,57,35493.9,10964.16,0.3089,622.7
23.12.2024,West,S. Kim,Laptops,Retail,50,69046.5,9181.35,0.133,1380.93
19.07.2024,East,S. Kim,Laptops,Retail,48,75072,33014.06,0.4398,1564
19.02.2025,West,S. Kim,Peripherals,Partner,20,19833.6,5527.14,0.2787,991.68
18.07.2025,Central,M. Ivanova,Networking,Online,13,11629.93,4870.49,0.4188,894.61
15.10.2024,West,M. Ivanova,Storage,Partner,21,1852.2,178.41,0.0963,88.2
17.09.2024,South,R. Silva,Networking,Retail,59,13942.29,3753.44,0.2692,236.31
02.12.2024,Central,D. Orlov,Storage,Retail,53,71149.32,24916.53,0.3502,1342.44
27.09.2024,Central,D. Orlov,Monitors,Retail,12,3078.84,401.16,0.1303,256.57
04.05.2025,Central,L. Chen,Peripherals,Partner,16,15693.92,2470.37,0.1574,980.87
23.10.2024,West,M. Ivanova,Laptops,Retail,39,56037.54,8461.02,0.151,1436.86
13.04.2025,South,L. Chen,Storage,Retail,52,51670.84,7898.27,0.1529,993.67
09.06.2024,North,R. Silva,Monitors,Online,23,5695.26,2013.5,0.3535,247.62
05.06.2024,East,A. Petrov,Monitors,Partner,44,69493.6,30324.6,0.4364,1579.4
01.03.2024,North,M. Ivanova,Laptops,Online,27,10686.6,1958.39,0.1833,395.8
16.12.2024,West,A. Petrov,Laptops,Retail,47,62056.92,14303.58,0.2305,1320.36
15.10.2024,South,S. Kim,Peripherals,Partner,13,19514.82,7105.55,0.3641,1501.14
18.03.2025,Central,A. Petrov,Peripherals,Partner,56,68958.4,24019.96,0.3483,1231.4
26.03.2024,North,D. Orlov,Peripherals,Partner,5,5569.3,1706.78,0.3065,1113.86
27.02.2025,South,M. Ivanova,Networking,Online,23,4011.2,1347.26,0.3359,174.4
11.06.2025,Central,D. Orlov,Networking,Partner,48,12617.76,3478.09,0.2757,262.87
21.08.2024,Central,L. Chen,Laptops,Retail,1,1465.51,310.93,0.2122,1465.51
18.04.2024,North,S. Kim,Storage,Online,31,31339.45,2673.75,0.0853,1010.95
24.02.2025,South,M. Ivanova,Laptops,Retail,53,20370.02,6778.93,0.3328,384.34
01.08.2024,East,L. Chen,Storage,Retail,44,10505.44,3430.41,0.3265,238.76
28.02.2025,Central,D. Orlov,Peripherals,Partner,58,38869.28,11577.15,0.2978,670.16
13.02.2024,South,R. Silva,Storage,Partner,53,63613.78,24558.98,0.3861,1200.26
30.05.2024,West,R. Silva,Peripherals,Partner,29,27871.9,11772.25,0.4224,961.1
06.11.2024,South,A. Petrov,Storage,Retail,17,5078.92,1402.36,0.2761,298.76
14.04.2024,Central,D. Orlov,Storage,Retail,7,3143.91,579.9,0.1845,449.13
31.10.2024,South,S. Kim,Networking,Online,60,20352,3576.05,0.1757,339.2
03.07.2024,North,D. Orlov,Storage,Retail,38,34263.46,6770.75,0.1976,901.67
15.01.2025,North,L. Chen,Networking,Retail,13,5864.43,2103.82,0.3587,451.11
17.01.2024,West,A. Petrov,Monitors,Partner,49,9558.43,2407.06,0.2518,195.07
09.01.2025,East,L. Chen,Networking,Retail,25,20772,7673.58,0.3694,830.88
12.04.2024,South,A. Petrov,Networking,Retail,50,62011.5,9857.86,0.159,1240.23
19.04.2025,Central,S. Kim,Networking,Retail,5,5005.8,1289.79,0.2577,1001.16
10.03.2024,Central,A. Petrov,Storage,Retail,43,56890.29,19379.5,0.3406,1323.03
30.05.2024,North,D. Orlov,Networking,Online,41,46370.59,15384.67,0.3318,1130.99
23.02.2024,West,D. Orlov,Storage,Partner,14,7298.9,2100.56,0.2878,521.35
03.09.2024,North,M. Ivanova,Storage,Partner,49,38503.71,12800.32,0.3324,785.79
26.01.2025,North,L. Chen,Monitors,Partner,35,45368.75,5516.05,0.1216,1296.25
02.07.2024,Central,M. Ivanova,Laptops,Online,42,9990.54,3474.82,0.3478,237.87
14.04.2024,West,D. Orlov,Monitors,Retail,4,5341.16,1412.81,0.2645,1335.29
20.05.2025,West,M. Ivanova,Peripherals,Retail,35,59840.55,7685.67,0.1284,1709.73
19.04.2025,South,L. Chen,Monitors,Partner,53,88488.8,33600.12,0.3797,1669.6
29.06.2025,North,R. Silva,Storage,Retail,21,32907,7206.27,0.219,1567
17.08.2024,North,D. Orlov,Storage,Online,22,14456.2,4425.54,0.3061,657.1
22.09.2025,East,S. Kim,Storage,Partner,37,22473.43,3400.92,0.1513,607.39
19.05.2024,South,D. Orlov,Networking,Online,37,50798.78,16573.81,0.3263,1372.94
20.08.2025,Central,M. Ivanova,Storage,Online,46,48834.52,9323.37,0.1909,1061.62
26.04.2024,North,A. Petrov,Networking,Online,32,47754.56,11787.47,0.2468,1492.33
15.11.2024,Central,D. Orlov,Storage,Partner,19,5312.59,1867.16,0.3515,279.61
03.11.2024,East,L. Chen,Laptops,Partner,18,13693.86,6021.28,0.4397,760.77
08.06.2024,Central,M. Ivanova,Laptops,Retail,37,5504.49,2004.17,0.3641,148.77
31.01.2024,North,A. Petrov,Monitors,Online,33,49810.53,15402.26,0.3092,1509.41
12.06.2024,West,S. Kim,Storage,Partner,25,23285.25,8908.49,0.3826,931.41
17.02.2024,East,R. Silva,Peripherals,Partner,51,53621.91,11929.31,0.2225,1051.41
01.01.2024,West,M. Ivanova,Storage,Partner,31,54806.45,5182.7,0.0946,1767.95
14.11.2024,East,S. Kim,Monitors,Partner,34,1654.44,653.17,0.3948,48.66
09.11.2024,South,M. Ivanova,Storage,Retail,18,31938.84,10233.65,0.3204,1774.38
01.08.2025,Central,D. Orlov,Storage,Online,48,35872.8,6011.48,0.1676,747.35
26.06.2025,South,A. Petrov,Monitors,Retail,29,1585.14,682.38,0.4305,54.66
21.09.2024,West,M. Ivanova,Monitors,Online,1,1018.23,194.61,0.1911,1018.23
26.09.2025,West,R. Silva,Monitors,Retail,41,62246.2,14319.5,0.23,1518.2
27.01.2024,Central,L. Chen,Monitors,Partner,43,44701.51,15798.78,0.3534,1039.57
02.07.2025,East,L. Chen,Monitors,Retail,16,10297.76,3627.04,0.3522,643.61
02.03.2024,West,D. Orlov,Laptops,Partner,16,12968.48,2873.11,0.2215,810.53
30.05.2024,North,A. Petrov,Monitors,Partner,28,48537.16,11781.3,0.2427,1733.47
21.12.2024,South,S. Kim,Laptops,Online,45,25595.1,6179.09,0.2414,568.78
30.01.2025,North,D. Orlov,Peripherals,Online,12,9255.96,2462.94,0.2661,771.33
20.06.2025,East,L. Chen,Networking,Partner,2,1821.28,742.28,0.4076,910.64
08.01.2024,Central,M. Ivanova,Monitors,Partner,18,31686.84,9490.62,0.2995,1760.38
26.05.2024,Central,L. Chen,Laptops,Online,4,4390.72,766.24,0.1745,1097.68
04.06.2024,West,D. Orlov,Peripherals,Partner,5,4426.45,1030.42,0.2328,885.29
26.01.2025,Central,A. Petrov,Laptops,Online,8,9930.08,2465.53,0.2483,1241.26
28.05.2025,East,M. Ivanova,Laptops,Retail,58,16306.12,1810.43,0.111,281.14
14.02.2024,East,A. Petrov,Storage,Retail,25,9927.5,3579.66,0.3606,397.1
23.12.2024,West,A. Petrov,Monitors,Retail,56,40943.84,7101.31,0.1734,731.14
08.03.2024,West,S. Kim,Networking,Retail,21,1403.64,156.41,0.1114,66.84
03.03.2024,Central,L. Chen,Peripherals,Online,58,37171.62,12112.07,0.3258,640.89
23.05.2024,West,R. Silva,Peripherals,Online,7,6375.04,945.23,0.1483,910.72
10.05.2025,Central,R. Silva,Peripherals,Retail,53,91564.92,18005.98,0.1966,1727.64
10.06.2025,East,L. Chen,Networking,Online,50,69148,17949.79,0.2596,1382.96
06.04.2024,North,A. Petrov,Laptops,Partner,37,25320.58,6409.3,0.2531,684.34
16.01.2024,East,L. Chen,Laptops,Retail,22,30508.5,8735.27,0.2863,1386.75
13.07.2024,North,L. Chen,Networking,Retail,33,28169.13,7506.51,0.2665,853.61
27.03.2024,East,A. Petrov,Peripherals,Partner,53,21608.63,5587.18,0.2586,407.71
08.12.2024,East,D. Orlov,Laptops,Retail,59,82838.36,13352.2,0.1612,1404.04
27.08.2024,West,S. Kim,Laptops,Partner,28,35876.96,7890.66,0.2199,1281.32
05.01.2024,North,A. Petrov,Monitors,Online,56,11145.12,4531.44,0.4066,199.02
11.03.2025,Central,R. Silva,Networking,Partner,35,45546.55,4077.04,0.0895,1301.33
10.05.2024,South,S. Kim,Monitors,Online,23,30797.69,13233.41,0.4297,1339.03
06.02.2024,East,D. Orlov,Peripherals,Retail,13,23021.83,6783.57,0.2947,1770.91
05.01.2024,Central,M. Ivanova,Peripherals,Retail,33,19464.72,4325.5,0.2222,589.84
05.02.2024,East,M. Ivanova,Networking,Online,54,81991.44,25824.52,0.315,1518.36
30.06.2024,North,L. Chen,Monitors,Retail,21,33023.76,10248.22,0.3103,1572.56
21.05.2024,East,S. Kim,Laptops,Online,40,55758.4,22256.72,0.3992,1393.96
27.01.2025,North,M. Ivanova,Monitors,Retail,26,33887.88,6804.4,0.2008,1303.38
03.01.2024,West,M. Ivanova,Monitors,Partner,34,38246.94,16461.35,0.4304,1124.91
23.08.2025,West,D. Orlov,Storage,Retail,4,2811.32,1163.97,0.414,702.83
26.06.2024,West,R. Silva,Monitors,Retail,8,9135.92,3042.55,0.333,1141.99
17.04.2024,East,L. Chen,Networking,Retail,43,19190.04,4797.09,0.25,446.28
13.02.2025,South,A. Petrov,Storage,Online,4,6617,1086.11,0.1641,1654.25
26.01.2025,West,S. Kim,Monitors,Retail,6,5552.1,753.02,0.1356,925.35
15.08.2024,West,D. Orlov,Laptops,Retail,33,51960.15,18069.46,0.3478,1574.55
05.01.2025,Central,S. Kim,Networking,Partner,9,6483.33,556.82,0.0859,720.37
01.09.2024,West,R. Silva,Laptops,Retail,7,7462,2345.75,0.3144,1066
07.03.2024,North,A. Petrov,Storage,Partner,20,8948.8,3039.86,0.3397,447.44
19.03.2025,Central,M. Ivanova,Laptops,Online,22,18833.32,2366.43,0.1257,856.06
31.03.2024,North,S. Kim,Storage,Retail,18,2796.66,537.61,0.1922,155.37
26.01.2025,West,D. Orlov,Networking,Retail,51,50847.51,5703.48,0.1122,997.01
20.02.2025,South,R. Silva,Storage,Retail,17,6581.21,801.92,0.1218,387.13
10.04.2024,North,L. Chen,Networking,Retail,20,19036.8,4107.12,0.2157,951.84
21.06.2024,East,A. Petrov,Storage,Online,32,24292.16,8661.77,0.3566,759.13
11.01.2024,East,M. Ivanova,Laptops,Partner,50,61777.5,24098.81,0.3901,1235.55
29.01.2024,South,A. Petrov,Monitors,Partner,36,38916,12647.66,0.325,1081
14.12.2024,Central,L. Chen,Peripherals,Retail,32,48526.72,8340.71,0.1719,1516.46
25.11.2024,East,M. Ivanova,Networking,Partner,60,7691.4,3033.82,0.3944,128.19
29.11.2024,East,S. Kim,Monitors,Partner,11,13801.7,1957.39,0.1418,1254.7
08.04.2025,North,M. Ivanova,Monitors,Retail,31,35055.42,12461.05,0.3555,1130.82
08.11.2024,South,M. Ivanova,Laptops,Partner,58,7539.42,2185.14,0.2898,129.99
17.10.2024,Central,S. Kim,Monitors,Retail,38,21580.2,4620.43,0.2141,567.9
21.07.2025,South,R. Silva,Monitors,Retail,11,1895.96,642.66,0.339,172.36
25.05.2025,West,D. Orlov,Laptops,Online,30,18339.9,2217.24,0.1209,611.33
30.01.2025,Central,S. Kim,Networking,Retail,50,31144,8413.55,0.2702,622.88
07.04.2025,West,S. Kim,Networking,Online,17,20494.86,7060.3,0.3445,1205.58
26.08.2025,Central,M. Ivanova,Monitors,Online,39,48559.29,5993.57,0.1234,1245.11
13.08.2025,South,D. Orlov,Monitors,Online,59,56608.14,12522.37,0.2212,959.46
18.05.2025,North,S. Kim,Peripherals,Retail,14,5014.52,1421.4,0.2835,358.18
19.07.2024,South,R. Silva,Monitors,Online,30,11833.5,1051.18,0.0888,394.45
08.02.2024,North,S. Kim,Storage,Retail,51,49097.19,8867.96,0.1806,962.69
04.07.2025,Central,R. Silva,Storage,Partner,41,40868.8,13122.77,0.3211,996.8
17.03.2024,West,L. Chen,Monitors,Partner,36,13924.08,2780.44,0.1997,386.78
19.10.2024,West,L. Chen,Monitors,Partner,46,81473.36,14230.65,0.1747,1771.16
30.12.2024,North,R. Silva,Storage,Partner,20,17835,3286.29,0.1843,891.75
12.03.2025,South,R. Silva,Peripherals,Retail,41,73437.56,29232.24,0.3981,1791.16
23.09.2025,North,S. Kim,Laptops,Partner,21,30676.8,12169.51,0.3967,1460.8
25.05.2025,South,M. Ivanova,Laptops,Online,50,12689,1772.36,0.1397,253.78
27.12.2024,North,S. Kim,Networking,Partner,53,32249.97,7498.16,0.2325,608.49
29.06.2024,South,R. Silva,Laptops,Partner,4,6219.76,1303.52,0.2096,1554.94
06.02.2025,South,L. Chen,Laptops,Partner,23,8586.13,3173.59,0.3696,373.31
24.05.2024,East,M. Ivanova,Monitors,Retail,42,15832.32,6862.84,0.4335,376.96
17.03.2025,East,A. Petrov,Storage,Partner,19,15226.6,4494.35,0.2952,801.4
20.04.2025,East,R. Silva,Storage,Retail,6,8900.22,2380.02,0.2674,1483.37
27.01.2025,South,L. Chen,Monitors,Retail,49,21562.45,6356.26,0.2948,440.05
14.02.2024,West,A. Petrov,Storage,Online,21,18084.78,4705.73,0.2602,861.18
26.08.2025,Central,M. Ivanova,Peripherals,Partner,56,96445.44,14329.14,0.1486,1722.24
07.08.2024,Central,D. Orlov,Laptops,Retail,55,7097.2,2552.3,0.3596,129.04
20.07.2024,South,M. Ivanova,Monitors,Online,42,70858.2,20315.53,0.2867,1687.1
07.12.2024,South,M. Ivanova,Laptops,Online,58,11067.56,1021.91,0.0923,190.82
13.04.2025,Central,A. Petrov,Peripherals,Partner,55,45243,14362.9,0.3175,822.6
09.09.2024,South,A. Petrov,Monitors,Retail,8,4396.8,1355.88,0.3084,549.6
22.11.2024,North,S. Kim,Peripherals,Partner,4,6160.04,2446.15,0.3971,1540.01
20.09.2024,West,R. Silva,Monitors,Retail,57,18888.09,6520.73,0.3452,331.37
26.12.2024,East,S. Kim,Peripherals,Partner,13,9933.43,3895.56,0.3922,764.11
29.04.2024,North,A. Petrov,Networking,Partner,40,13060.4,1996.41,0.1529,326.51
28.06.2024,West,R. Silva,Storage,Partner,47,30706.51,10845.35,0.3532,653.33
16.04.2025,West,S. Kim,Monitors,Partner,38,28018.16,8588.45,0.3065,737.32
27.01.2025,West,L. Chen,Monitors,Partner,26,40491.62,12346.78,0.3049,1557.37
12.02.2024,West,A. Petrov,Monitors,Retail,44,49035.36,8008.83,0.1633,1114.44
30.04.2025,South,S. Kim,Storage,Partner,9,1585.8,386.85,0.2439,176.2
03.08.2024,Central,R. Silva,Peripherals,Retail,34,54812.76,18706.19,0.3413,1612.14
28.01.2025,Central,R. Silva,Storage,Partner,11,8269.69,1010.46,0.1222,751.79
19.02.2025,West,A. Petrov,Networking,Retail,4,4445.88,1761.2,0.3961,1111.47
12.08.2024,East,R. Silva,Networking,Partner,52,6202.04,2681.86,0.4324,119.27
15.07.2024,South,L. Chen,Networking,Retail,3,1494.99,300.98,0.2013,498.33
17.11.2024,East,D. Orlov,Networking,Partner,53,91475.88,27146.73,0.2968,1725.96
27.08.2024,South,R. Silva,Storage,Online,53,30347.8,2466.21,0.0813,572.6
06.05.2025,East,D. Orlov,Monitors,Partner,30,36051.6,15665.33,0.4345,1201.72
08.01.2025,Central,D. Orlov,Peripherals,Online,60,73319.4,19220.35,0.2621,1221.99
26.11.2024,Central,L. Chen,Monitors,Partner,31,20100.09,3760.21,0.1871,648.39
22.06.2024,North,R. Silva,Laptops,Online,32,38144.32,11871.77,0.3112,1192.01
11.04.2025,South,A. Petrov,Networking,Partner,57,60336.21,9988.7,0.1656,1058.53
07.10.2024,Central,R. Silva,Laptops,Partner,43,34949.54,7762.91,0.2221,812.78
28.09.2025,South,S. Kim,Storage,Online,49,13175.12,4502.6,0.3417,268.88
05.08.2025,North,S. Kim,Monitors,Online,54,53755.38,22180.53,0.4126,995.47
27.07.2025,North,D. Orlov,Peripherals,Retail,18,17354.52,6422.95,0.3701,964.14
08.09.2024,South,S. Kim,Networking,Online,28,11794.44,2120.53,0.1798,421.23
18.03.2024,East,M. Ivanova,Storage,Online,38,52076.72,22371.96,0.4296,1370.44
29.11.2024,East,D. Orlov,Networking,Retail,11,7378.03,638.35,0.0865,670.73
06.04.2025,South,D. Orlov,Laptops,Partner,43,14042.08,4406.96,0.3138,326.56
21.03.2025,Central,R. Silva,Storage,Online,35,6572.3,1044.69,0.159,187.78
15.06.2025,North,L. Chen,Monitors,Retail,41,73222.31,29204.95,0.3989,1785.91
01.07.2025,West,A. Petrov,Monitors,Online,46,61525.46,15497.56,0.2519,1337.51
25.10.2024,North,S. Kim,Peripherals,Retail,55,70002.9,28230.53,0.4033,1272.78
07.05.2025,West,R. Silva,Peripherals,Retail,4,6236.4,2738.72,0.4392,1559.1
26.07.2024,West,A. Petrov,Storage,Online,25,19303.75,7704.68,0.3991,772.15
22.05.2024,North,D. Orlov,Monitors,Online,33,58536.72,12477.64,0.2132,1773.84
23.08.2025,South,L. Chen,Peripherals,Online,52,80692.04,21077.89,0.2612,1551.77
17.02.2024,East,D. Orlov,Monitors,Retail,7,2832.9,533.12,0.1882,404.7
15.10.2024,South,R. Silva,Laptops,Retail,17,26779.08,8322.46,0.3108,1575.24
20.11.2024,South,R. Silva,Peripherals,Partner,47,36102.11,15816.4,0.4381,768.13
04.08.2025,North,L. Chen,Storage,Retail,15,15886.05,4920.92,0.3098,1059.07
22.12.2024,South,D. Orlov,Storage,Partner,26,20150.52,4209.04,0.2089,775.02
08.02.2025,East,A. Petrov,Laptops,Retail,36,36037.8,8899.21,0.2469,1001.05
29.09.2025,East,R. Silva,Peripherals,Partner,34,25926.02,4427.49,0.1708,762.53
01.02.2024,North,L. Chen,Monitors,Retail,57,75771.24,25903.36,0.3419,1329.32
22.01.2025,Central,R. Silva,Monitors,Partner,1,355.6,41.32,0.1162,355.6
22.05.2024,West,S. Kim,Networking,Retail,59,80679.55,21589.12,0.2676,1367.45
22.07.2024,North,D. Orlov,Networking,Partner,8,5189.44,1240.69,0.2391,648.68
24.03.2025,North,R. Silva,Storage,Retail,17,29221.81,5023.02,0.1719,1718.93
12.08.2025,North,S. Kim,Laptops,Retail,11,558.58,123.01,0.2202,50.78
31.01.2025,Central,S. Kim,Networking,Online,3,3951.54,1186.73,0.3003,1317.18
13.12.2024,West,D. Orlov,Networking,Online,20,2791.8,1079.84,0.3868,139.59
28.09.2024,South,L. Chen,Storage,Online,52,46454.2,18201.59,0.3918,893.35
24.08.2025,Central,L. Chen,Peripherals,Online,42,58419.48,22973.93,0.3933,1390.94
08.04.2025,North,L. Chen,Monitors,Partner,49,50182.37,21425.31,0.4269,1024.13
16.03.2025,West,L. Chen,Storage,Retail,18,9078.12,1159.73,0.1278,504.34
12.03.2025,North,R. Silva,Laptops,Partner,49,2400.02,224.04,0.0933,48.98
21.02.2025,Central,D. Orlov,Monitors,Retail,25,35750,14880.57,0.4162,1430
01.02.2025,East,D. Orlov,Storage,Online,32,30365.44,10531.66,0.3468,948.92
15.10.2024,West,M. Ivanova,Storage,Retail,45,8109.9,1472.62,0.1816,180.22
25.04.2024,North,M. Ivanova,Monitors,Partner,6,2061.9,332.4,0.1612,343.65
04.01.2024,North,L. Chen,Monitors,Retail,49,17410.68,2723.25,0.1564,355.32
10.06.2025,West,R. Silva,Storage,Partner,53,26232.88,8617.47,0.3285,494.96
18.01.2025,West,A. Petrov,Peripherals,Online,18,3735.54,362.16,0.0969,207.53
26.07.2025,South,R. Silva,Networking,Online,7,4033.54,551.04,0.1366,576.22
12.01.2024,West,R. Silva,Peripherals,Partner,10,17824.4,3397.24,0.1906,1782.44
08.10.2024,North,A. Petrov,Peripherals,Partner,42,13576.92,3372.96,0.2484,323.26
28.09.2025,North,L. Chen,Monitors,Online,25,33570.75,10288.53,0.3065,1342.83
11.08.2024,East,S. Kim,Monitors,Partner,35,58973.25,5847.39,0.0992,1684.95
24.02.2025,North,D. Orlov,Storage,Online,10,13304.5,2688.33,0.2021,1330.45
29.06.2025,North,L. Chen,Laptops,Partner,59,30435.74,9978.69,0.3279,515.86
20.06.2024,North,A. Petrov,Peripherals,Retail,51,36446.13,12083.89,0.3316,714.63
20.01.2025,South,R. Silva,Monitors,Online,41,17850.99,6119.28,0.3428,435.39
10.03.2025,West,D. Orlov,Networking,Partner,7,626.92,193.54,0.3087,89.56
01.02.2024,North,D. Orlov,Laptops,Online,56,40603.36,12569.5,0.3096,725.06
31.08.2024,South,S. Kim,Networking,Retail,47,41541.89,9143.91,0.2201,883.87
01.02.2025,South,R. Silva,Peripherals,Partner,23,10707.19,4274.84,0.3992,465.53
03.08.2024,Central,R. Silva,Networking,Retail,15,24467.1,9373.48,0.3831,1631.14
02.12.2024,East,A. Petrov,Networking,Partner,9,9504.36,1995.74,0.21,1056.04
18.01.2024,East,L. Chen,Storage,Online,2,2435.58,895.8,0.3678,1217.79
31.08.2024,North,A. Petrov,Networking,Online,52,75986.56,31725.85,0.4175,1461.28
17.05.2024,West,S. Kim,Storage,Partner,7,7705.81,1188.18,0.1542,1100.83
23.04.2024,South,R. Silva,Laptops,Online,60,103114.2,30277.58,0.2936,1718.57
23.03.2024,South,R. Silva,Networking,Partner,42,40280.1,12381.87,0.3074,959.05
06.09.2025,West,A. Petrov,Networking,Partner,6,639.06,121.23,0.1897,106.51
08.09.2025,Central,S. Kim,Peripherals,Retail,2,2289.88,666.83,0.2912,1144.94
05.02.2025,South,S. Kim,Laptops,Partner,5,3302.7,806.43,0.2442,660.54
12.03.2025,West,M. Ivanova,Networking,Partner,45,76959,8801.98,0.1144,1710.2
21.05.2024,East,R. Silva,Monitors,Partner,2,3303.5,670.9,0.2031,1651.75
11.11.2024,North,M. Ivanova,Monitors,Retail,54,94372.02,32236.94,0.3416,1747.63
10.03.2024,Central,A. Petrov,Peripherals,Partner,38,15282.84,4602.55,0.3012,402.18
13.03.2024,North,D. Orlov,Laptops,Online,48,18499.2,5602.04,0.3028,385.4
29.04.2024,Central,L. Chen,Monitors,Partner,51,22530.78,6502.7,0.2886,441.78
31.05.2024,West,D. Orlov,Storage,Partner,41,32866.01,4176.64,0.1271,801.61
10.11.2024,North,D. Orlov,Storage,Retail,6,7474.62,1004.97,0.1345,1245.77
26.01.2025,South,L. Chen,Storage,Online,21,4345.32,1328.32,0.3057,206.92
18.09.2024,South,A. Petrov,Storage,Online,40,71744.8,8421.19,0.1174,1793.62
05.10.2024,East,D. Orlov,Networking,Partner,41,41510.45,10926.03,0.2632,1012.45
13.08.2025,North,R. Silva,Peripherals,Retail,32,21282.56,3244.64,0.1525,665.08
13.01.2025,South,S. Kim,Monitors,Online,1,1281.53,300.09,0.2342,1281.53
10.09.2024,South,L. Chen,Laptops,Retail,40,67303.2,9178.39,0.1364,1682.58
28.01.2024,South,D. Orlov,Peripherals,Partner,3,2745.54,988.12,0.3599,915.18
28.05.2024,South,A. Petrov,Networking,Retail,23,18168.39,5244.89,0.2887,789.93
26.01.2024,West,A. Petrov,Networking,Retail,57,89767.02,38798.71,0.4322,1574.86
02.03.2025,East,R. Silva,Laptops,Online,18,12353.94,3021.09,0.2445,686.33
16.07.2025,North,D. Orlov,Laptops,Online,23,33899.24,8197.7,0.2418,1473.88
19.03.2025,South,A. Petrov,Laptops,Partner,7,4333.63,516.95,0.1193,619.09
01.07.2025,East,D. Orlov,Storage,Partner,48,63821.28,17050.11,0.2672,1329.61
12.08.2024,North,M. Ivanova,Peripherals,Online,35,50231.65,11188.1,0.2227,1435.19
30.07.2025,Central,A. Petrov,Monitors,Partner,40,13971.2,1672.76,0.1197,349.28
26.05.2025,Central,D. Orlov,Peripherals,Partner,11,15357.87,3221.03,0.2097,1396.17
02.11.2024,South,M. Ivanova,Peripherals,Partner,21,17840.76,4975.19,0.2789,849.56
14.08.2025,South,M. Ivanova,Networking,Online,52,39847.08,6771.78,0.1699,766.29
16.08.2025,Central,D. Orlov,Laptops,Online,46,42629.58,17080.1,0.4007,926.73
29.09.2025,East,S. Kim,Laptops,Retail,23,11583.03,4179.02,0.3608,503.61
15.07.2024,North,R. Silva,Networking,Partner,52,13062.92,5472.31,0.4189,251.21
28.11.2024,Central,S. Kim,Peripherals,Online,38,60434.82,17194.42,0.2845,1590.39
06.04.2024,Central,A. Petrov,Peripherals,Online,5,6885.5,2284.16,0.3317,1377.1
19.08.2025,South,A. Petrov,Monitors,Retail,58,60887.82,12149.24,0.1995,1049.79
18.08.2025,Central,A. Petrov,Monitors,Online,58,18271.74,1792.04,0.0981,315.03
27.08.2025,Central,R. Silva,Networking,Online,59,59912.73,22884.94,0.382,1015.47
21.10.2024,South,M. Ivanova,Monitors,Retail,15,11688.45,3952.08,0.3381,779.23
16.06.2024,Central,L. Chen,Networking,Retail,30,53588.1,6429.45,0.12,1786.27
14.05.2025,West,A. Petrov,Networking,Partner,45,43996.5,5157.92,0.1172,977.7
22.09.2024,West,M. Ivanova,Monitors,Partner,41,58140.05,19771.41,0.3401,1418.05
10.07.2025,North,A. Petrov,Laptops,Partner,5,1764.2,257.74,0.1461,352.84
11.10.2024,East,L. Chen,Peripherals,Partner,38,35772.44,4253.31,0.1189,941.38
03.07.2024,West,A. Petrov,Storage,Online,59,12591.19,3124.04,0.2481,213.41
18.02.2025,North,S. Kim,Storage,Online,28,35286.44,15000.56,0.4251,1260.23
13.08.2025,North,R. Silva,Storage,Retail,47,69134.18,24493.81,0.3543,1470.94
29.06.2024,South,L. Chen,Monitors,Online,15,3398.85,913.06,0.2686,226.59
20.06.2024,East,M. Ivanova,Networking,Retail,18,7875,2427.77,0.3083,437.5
10.01.2025,Central,A. Petrov,Monitors,Online,25,20712.5,7515.79,0.3629,828.5
20.04.2024,South,R. Silva,Monitors,Partner,38,13260.1,4357.47,0.3286,348.95
13.04.2025,North,A. Petrov,Monitors,Online,53,38564.92,8675.23,0.225,727.64
21.06.2025,Central,M. Ivanova,Monitors,Partner,39,47100.69,9042.89,0.192,1207.71
27.05.2025,West,D. Orlov,Storage,Online,10,8559.5,1738.89,0.2032,855.95
18.08.2025,East,L. Chen,Storage,Retail,51,9904.2,4313.36,0.4355,194.2
11.03.2024,East,L. Chen,Storage,Partner,38,53326.54,8815.83,0.1653,1403.33
20.10.2024,North,L. Chen,Peripherals,Partner,52,22393.28,9643.21,0.4306,430.64
22.01.2024,North,S. Kim,Laptops,Partner,40,38826.4,16298.42,0.4198,970.66
05.05.2024,West,A. Petrov,Networking,Partner,32,10889.6,4024.5,0.3696,340.3
11.09.2024,East,A. Petrov,Peripherals,Online,44,64690.12,16717.56,0.2584,1470.23
16.04.2025,North,D. Orlov,Peripherals,Retail,33,1998.81,187.62,0.0939,60.57
01.09.2025,North,A. Petrov,Laptops,Partner,60,29065.2,12516.73,0.4306,484.42
28.09.2025,Central,R. Silva,Networking,Online,24,39437.28,12937.16,0.328,1643.22
12.07.2024,West,R. Silva,Monitors,Retail,13,17251.26,4486,0.26,1327.02
13.03.2024,West,A. Petrov,Monitors,Partner,28,15368.08,2349.53,0.1529,548.86
01.03.2024,Central,D. Orlov,Networking,Retail,19,26319.75,4197.91,0.1595,1385.25
07.02.2025,South,M. Ivanova,Storage,Partner,2,264.6,39.48,0.1492,132.3
14.05.2025,North,A. Petrov,Storage,Retail,13,11261.12,4821.67,0.4282,866.24
12.09.2025,East,S. Kim,Networking,Partner,49,58549.61,21112.51,0.3606,1194.89
15.04.2024,South,D. Orlov,Networking,Online,42,9750.3,1778.6,0.1824,232.15
01.01.2024,North,D. Orlov,Networking,Retail,18,5055.48,676.51,0.1338,280.86
19.12.2024,West,A. Petrov,Networking,Online,38,48052.14,14332.51,0.2983,1264.53
11.04.2024,East,M. Ivanova,Peripherals,Online,10,4132.9,1784.76,0.4318,413.29
29.05.2024,South,A. Petrov,Peripherals,Partner,43,70827.45,19672.27,0.2777,1647.15
22.11.2024,East,R. Silva,Monitors,Partner,25,11400,3272.83,0.2871,456
23.07.2024,East,D. Orlov,Storage,Online,49,72156.91,24505.36,0.3396,1472.59
07.04.2025,West,L. Chen,Laptops,Retail,56,60763.36,15744.03,0.2591,1085.06
05.08.2024,West,D. Orlov,Monitors,Partner,34,43909.3,13081.72,0.2979,1291.45
11.09.2025,North,M. Ivanova,Peripherals,Online,35,42921.9,17645.44,0.4111,1226.34
16.07.2025,Central,R. Silva,Peripherals,Retail,39,1687.92,665.12,0.394,43.28
03.07.2024,East,M. Ivanova,Peripherals,Retail,12,15832.8,2384.96,0.1506,1319.4
30.08.2025,East,A. Petrov,Peripherals,Partner,24,21764.88,6262.53,0.2877,906.87
27.07.2024,East,A. Petrov,Storage,Partner,38,8905.3,1572.79,0.1766,234.35
21.04.2025,East,A. Petrov,Storage,Partner,46,14400.76,5324.09,0.3697,313.06
17.01.2025,South,L. Chen,Monitors,Retail,20,20070.6,5121.52,0.2552,1003.53
02.06.2025,East,R. Silva,Peripherals,Online,45,75779.55,7483.42,0.0988,1683.99
06.08.2025,Central,D. Orlov,Peripherals,Retail,49,82329.8,9111.96,0.1107,1680.2
19.05.2025,Central,R. Silva,Peripherals,Partner,48,9503.04,2687.78,0.2828,197.98
05.02.2025,Central,D. Orlov,Laptops,Retail,28,30877.28,11442.45,0.3706,1102.76
24.02.2024,South,S. Kim,Networking,Partner,37,48566.94,8870.56,0.1826,1312.62
23.02.2025,West,L. Chen,Storage,Retail,5,4761.4,1914.07,0.402,952.28
15.03.2025,North,R. Silva,Laptops,Online,29,31927.26,5964.33,0.1868,1100.94
15.01.2025,Central,R. Silva,Laptops,Retail,25,30552,10834.44,0.3546,1222.08
08.06.2025,South,R. Silva,Storage,Online,59,57662.47,9719.56,0.1686,977.33
09.05.2025,North,D. Orlov,Networking,Online,43,5877.24,1474.01,0.2508,136.68
18.01.2025,North,L. Chen,Peripherals,Partner,16,26039.2,10894.87,0.4184,1627.45
27.04.2025,Central,M. Ivanova,Storage,Partner,20,1345.4,333.57,0.2479,67.27
10.05.2025,West,L. Chen,Storage,Online,57,26921.1,8748.76,0.325,472.3
19.09.2024,West,L. Chen,Peripherals,Partner,54,56262.06,18584.06,0.3303,1041.89
14.05.2025,North,D. Orlov,Monitors,Online,6,8451.72,1048.87,0.1241,1408.62
10.02.2025,North,D. Orlov,Peripherals,Retail,8,9931.52,2920.59,0.2941,1241.44
29.06.2025,West,L. Chen,Monitors,Partner,39,68368.95,19355.95,0.2831,1753.05
19.08.2025,North,L. Chen,Networking,Partner,2,840.92,252.86,0.3007,420.46
24.04.2024,West,A. Petrov,Monitors,Online,43,51589.68,16329.72,0.3165,1199.76
12.03.2024,North,M. Ivanova,Peripherals,Partner,33,50908.77,9059.96,0.178,1542.69
07.02.2024,East,L. Chen,Monitors,Online,15,20512.5,2412.58,0.1176,1367.5
20.09.2025,West,M. Ivanova,Laptops,Online,8,10160.96,1781.96,0.1754,1270.12
19.01.2024,South,M. Ivanova,Storage,Partner,60,72997.2,15001.44,0.2055,1216.62
08.01.2025,South,S. Kim,Laptops,Online,13,4310.67,1661.42,0.3854,331.59
06.05.2025,East,D. Orlov,Networking,Retail,30,44457.3,6332.7,0.1424,1481.91
29.04.2025,Central,D. Orlov,Networking,Partner,28,1232,366.6,0.2976,44
08.12.2024,North,S. Kim,Networking,Partner,12,5954.52,1274.22,0.214,496.21
22.11.2024,West,M. Ivanova,Peripherals,Retail,37,61330.46,19023.8,0.3102,1657.58
08.11.2024,West,S. Kim,Monitors,Online,20,25656.6,4719.74,0.184,1282.83
12.11.2024,North,M. Ivanova,Networking,Partner,6,7811.22,1321.27,0.1691,1301.87
23.05.2025,West,M. Ivanova,Networking,Retail,8,9379.12,914.1,0.0975,1172.39
07.04.2025,North,R. Silva,Peripherals,Retail,54,26464.32,10229.19,0.3865,490.08
24.06.2025,Central,M. Ivanova,Storage,Retail,34,36501.72,4149.03,0.1137,1073.58
24.03.2025,Central,L. Chen,Monitors,Retail,57,80798.07,16563.37,0.205,1417.51
11.09.2025,North,L. Chen,Peripherals,Partner,44,40441.72,13229.19,0.3271,919.13
12.01.2024,East,A. Petrov,Peripherals,Partner,11,3690.17,913.08,0.2474,335.47
27.07.2024,East,L. Chen,Storage,Online,41,57289.71,5646.47,0.0986,1397.31
05.12.2024,Central,L. Chen,Storage,Retail,18,5064.84,1475.05,0.2912,281.38
08.11.2024,East,D. Orlov,Peripherals,Partner,15,22082.7,9018.33,0.4084,1472.18
08.10.2024,South,S. Kim,Laptops,Partner,50,8906,2735.25,0.3071,178.12
28.01.2024,South,R. Silva,Peripherals,Online,57,39043.86,16905.18,0.433,684.98
09.11.2024,West,M. Ivanova,Storage,Online,47,33513.35,14407.79,0.4299,713.05
16.02.2024,West,L. Chen,Peripherals,Retail,11,18549.19,2407.06,0.1298,1686.29
22.01.2025,East,R. Silva,Storage,Online,34,21008.6,3135.08,0.1492,617.9
20.02.2024,West,A. Petrov,Networking,Retail,5,3403.15,1378.52,0.4051,680.63
14.05.2024,South,M. Ivanova,Monitors,Retail,59,100198.52,32434.06,0.3237,1698.28
06.04.2024,North,D. Orlov,Laptops,Online,39,58598.67,10437.36,0.1781,1502.53
19.04.2024,West,S. Kim,Storage,Online,51,3967.8,1052.68,0.2653,77.8
18.01.2024,South,S. Kim,Peripherals,Partner,37,27702.64,2464.96,0.089,748.72
13.09.2025,East,D. Orlov,Laptops,Online,35,55802.95,14833.76,0.2658,1594.37
11.09.2025,Central,D. Orlov,Monitors,Partner,39,33450.69,5840.14,0.1746,857.71
16.01.2024,West,D. Orlov,Laptops,Retail,37,20867.63,3912.93,0.1875,563.99
23.11.2024,North,R. Silva,Monitors,Online,2,3259.7,569.66,0.1748,1629.85
20.12.2024,West,S. Kim,Networking,Retail,15,13633.95,1640.94,0.1204,908.93
20.04.2025,West,A. Petrov,Laptops,Partner,2,1935.48,718.24,0.3711,967.74
27.05.2025,North,A. Petrov,Networking,Online,35,7858.55,3189.95,0.4059,224.53
07.08.2024,North,R. Silva,Storage,Retail,10,17728.6,6863.2,0.3871,1772.86
05.03.2025,North,M. Ivanova,Networking,Retail,36,41100.12,4870.84,0.1185,1141.67
31.07.2025,South,L. Chen,Peripherals,Online,3,2279.79,529.99,0.2325,759.93
04.05.2025,Central,M. Ivanova,Networking,Online,35,7566.65,1859.58,0.2458,216.19
31.03.2024,East,A. Petrov,Networking,Retail,8,6645.76,1147.25,0.1726,830.72
25.02.2024,East,S. Kim,Networking,Partner,29,45327.87,4772.36,0.1053,1563.03
26.12.2024,North,S. Kim,Networking,Retail,49,37708.93,10150.01,0.2692,769.57
17.07.2024,East,S. Kim,Laptops,Retail,54,96083.28,19150.6,0.1993,1779.32
31.05.2025,East,M. Ivanova,Monitors,Retail,38,10627.46,1029.88,0.0969,279.67
06.08.2025,South,D. Orlov,Laptops,Online,39,15760.29,5629.61,0.3572,404.11
18.08.2024,East,D. Orlov,Storage,Online,37,16984.85,6334.06,0.3729,459.05
07.01.2024,Central,A. Petrov,Peripherals,Online,22,34635.92,11228.27,0.3242,1574.36
16.06.2024,East,M. Ivanova,Monitors,Partner,1,1348.74,380.5,0.2821,1348.74
30.04.2024,West,D. Orlov,Laptops,Online,40,33278.8,5392.53,0.162,831.97
04.01.2024,East,L. Chen,Peripherals,Partner,38,40609.08,13647.12,0.3361,1068.66
06.06.2025,North,L. Chen,Monitors,Online,24,16362.72,2016.65,0.1232,681.78
01.07.2024,North,S. Kim,Peripherals,Online,40,37562.4,5982.65,0.1593,939.06
05.08.2025,East,A. Petrov,Monitors,Retail,12,978.24,290.72,0.2972,81.52
25.05.2025,West,A. Petrov,Laptops,Retail,19,17318.5,7079.81,0.4088,911.5
04.08.2025,West,S. Kim,Storage,Online,44,22144.32,4097.09,0.185,503.28
21.05.2025,East,R. Silva,Monitors,Retail,31,5664.32,1044.46,0.1844,182.72
08.02.2025,North,A. Petrov,Storage,Online,19,14053.16,5706.86,0.4061,739.64
09.05.2024,West,R. Silva,Monitors,Online,49,13838.58,2427.76,0.1754,282.42
17.02.2025,East,R. Silva,Laptops,Online,28,21398.44,4185.49,0.1956,764.23
14.08.2025,North,S. Kim,Storage,Partner,58,28690.86,11803.69,0.4114,494.67
27.12.2024,North,M. Ivanova,Monitors,Retail,1,1782.74,329.11,0.1846,1782.74
18.09.2024,East,D. Orlov,Peripherals,Retail,37,4423.35,1010.02,0.2283,119.55
22.05.2024,Central,R. Silva,Laptops,Online,30,46290.9,15756.24,0.3404,1543.03
13.07.2024,West,D. Orlov,Laptops,Retail,33,51592.86,14972.03,0.2902,1563.42
22.10.2024,East,A. Petrov,Peripherals,Retail,23,11463.66,1841.08,0.1606,498.42
22.04.2025,West,S. Kim,Networking,Online,46,7710.06,1089.98,0.1414,167.61
17.02.2024,Central,M. Ivanova,Laptops,Partner,58,94320.18,10101.11,0.1071,1626.21
06.08.2025,East,S. Kim,Storage,Retail,25,36495.25,10906.31,0.2988,1459.81
14.09.2024,East,M. Ivanova,Storage,Online,18,32068.98,13069.31,0.4075,1781.61
05.07.2025,East,R. Silva,Networking,Online,28,10117.8,2094.03,0.207,361.35
04.04.2025,East,M. Ivanova,Storage,Online,4,273.08,37.09,0.1358,68.27
04.01.2025,South,L. Chen,Monitors,Retail,44,52784.16,20071.03,0.3802,1199.64
11.12.2024,Central,R. Silva,Laptops,Retail,9,4766.85,1206.2,0.253,529.65
05.05.2025,North,L. Chen,Storage,Retail,4,2128.68,775.98,0.3645,532.17
05.07.2024,Central,S. Kim,Laptops,Partner,54,18209.34,2031.85,0.1116,337.21
11.04.2024,East,M. Ivanova,Networking,Partner,37,17074.02,5224.94,0.306,461.46
28.04.2024,West,M. Ivanova,Peripherals,Retail,60,4244.4,1124.12,0.2648,70.74
25.02.2025,West,M. Ivanova,Networking,Retail,5,8887.5,3393.71,0.3819,1777.5
08.02.2025,Central,S. Kim,Monitors,Partner,46,81207.02,25066.94,0.3087,1765.37
30.07.2025,South,A. Petrov,Laptops,Retail,57,31499.91,10125.37,0.3214,552.63
06.04.2024,Central,L. Chen,Laptops,Partner,26,27956.5,3027.63,0.1083,1075.25
12.05.2025,West,A. Petrov,Peripherals,Partner,28,45713.92,7560.48,0.1654,1632.64
06.08.2025,East,M. Ivanova,Peripherals,Retail,18,10118.52,3183.53,0.3146,562.14
29.10.2024,West,A. Petrov,Storage,Retail,59,95032.48,14705.83,0.1547,1610.72
31.10.2024,East,R. Silva,Monitors,Retail,60,90721.2,38550.38,0.4249,1512.02
31.03.2024,West,S. Kim,Storage,Retail,2,2586.02,231.46,0.0895,1293.01
17.09.2025,East,S. Kim,Laptops,Partner,40,60051.2,9317.33,0.1552,1501.28
21.09.2025,West,M. Ivanova,Networking,Partner,31,48335.2,11937.87,0.247,1559.2
24.12.2024,East,A. Petrov,Laptops,Retail,43,59599.29,7578.53,0.1272,1386.03
29.05.2024,North,M. Ivanova,Networking,Online,18,3110.94,1077.5,0.3464,172.83
17.05.2024,Central,S. Kim,Monitors,Online,29,7640.92,3204.43,0.4194,263.48
12.05.2025,East,R. Silva,Laptops,Online,34,59485.04,15497.43,0.2605,1749.56
20.07.2024,Central,A. Petrov,Storage,Partner,31,22855.68,4347.74,0.1902,737.28
02.10.2025,West,L. Chen,Laptops,Online,1,1581.98,271.62,0.1717,1581.98
22.02.2025,Central,M. Ivanova,Storage,Retail,49,79333.45,7656.28,0.0965,1619.05
04.07.2024,West,R. Silva,Laptops,Retail,19,23258.47,1975.37,0.0849,1224.13
22.06.2025,West,L. Chen,Storage,Partner,6,8837.46,2957.58,0.3347,1472.91
03.05.2024,South,M. Ivanova,Peripherals,Retail,47,17977.03,4133.72,0.2299,382.49
14.09.2024,East,L. Chen,Networking,Retail,1,696.71,231.17,0.3318,696.71
14.01.2024,West,A. Petrov,Storage,Retail,51,82105.92,26714.41,0.3254,1609.92
18.06.2025,South,S. Kim,Peripherals,Retail,9,5153.4,986.56,0.1914,572.6
24.11.2024,North,D. Orlov,Laptops,Partner,18,15870.24,5609.64,0.3535,881.68
27.09.2024,South,A. Petrov,Storage,Online,56,63057.12,5493.6,0.0871,1126.02
27.03.2025,East,S. Kim,Peripherals,Retail,36,10165.68,2727.11,0.2683,282.38
04.01.2024,East,A. Petrov,Storage,Online,24,13116.48,1058.06,0.0807,546.52
02.10.2025,East,R. Silva,Monitors,Online,23,4611.27,544.81,0.1181,200.49
05.06.2024,South,A. Petrov,Laptops,Retail,32,55745.92,7202.3,0.1292,1742.06
04.06.2025,East,A. Petrov,Monitors,Online,46,12478.42,4727.28,0.3788,271.27
06.08.2025,Central,S. Kim,Peripherals,Online,27,12417.57,1692.92,0.1363,459.91
27.05.2024,East,S. Kim,Monitors,Online,34,21024.92,2692.9,0.1281,618.38
08.06.2025,East,L. Chen,Networking,Retail,49,17200.96,6699.32,0.3895,351.04
28.08.2024,Central,D. Orlov,Laptops,Online,36,57645.72,20532.89,0.3562,1601.27
13.03.2025,East,M. Ivanova,Laptops,Online,41,41821.23,12623.27,0.3018,1020.03
20.05.2024,South,D. Orlov,Networking,Online,33,13578.51,1445.47,0.1065,411.47
05.05.2025,North,R. Silva,Storage,Partner,55,51099.4,17853.03,0.3494,929.08
28.08.2025,North,S. Kim,Monitors,Online,42,23469.18,5868.74,0.2501,558.79
04.04.2025,Central,R. Silva,Laptops,Partner,45,47007,7168.7,0.1525,1044.6
24.01.2024,West,M. Ivanova,Monitors,Partner,37,24141.02,9949.32,0.4121,652.46
03.01.2025,North,S. Kim,Storage,Online,41,65998.93,26001.96,0.394,1609.73
05.08.2025,North,A. Petrov,Networking,Online,52,78783.12,11663.57,0.148,1515.06
21.06.2025,East,L. Chen,Storage,Online,58,56461.26,5853.45,0.1037,973.47
12.07.2024,Central,L. Chen,Storage,Partner,9,11408.85,4321.16,0.3788,1267.65
03.12.2024,South,R. Silva,Peripherals,Online,13,5910.71,2506.69,0.4241,454.67
03.05.2025,West,D. Orlov,Peripherals,Online,15,4808.55,634.69,0.132,320.57
04.07.2024,South,R. Silva,Storage,Partner,49,38629.15,15013.6,0.3887,788.35
23.08.2024,North,M. Ivanova,Networking,Online,2,201.94,33.96,0.1682,100.97
09.05.2025,North,A. Petrov,Laptops,Retail,11,10539.21,4179.77,0.3966,958.11
14.08.2024,East,A. Petrov,Storage,Retail,16,24132.16,7111.71,0.2947,1508.26
14.10.2024,West,D. Orlov,Storage,Online,23,19404.18,5311.61,0.2737,843.66
13.01.2024,East,R. Silva,Laptops,Retail,49,53711.84,18265.56,0.3401,1096.16
14.08.2025,West,R. Silva,Storage,Retail,12,1779.12,208.06,0.1169,148.26
22.05.2025,South,A. Petrov,Storage,Partner,53,45184.09,8518,0.1885,852.53
30.01.2024,West,S. Kim,Networking,Online,13,22469.2,5056.59,0.225,1728.4
25.09.2025,Central,S. Kim,Networking,Online,27,14031.09,4088.32,0.2914,519.67
05.08.2024,Central,R. Silva,Networking,Online,46,61167.58,17194.32,0.2811,1329.73
12.05.2024,North,M. Ivanova,Laptops,Partner,44,38094.76,8298.87,0.2178,865.79
17.01.2024,East,L. Chen,Storage,Online,28,2969.96,1198.59,0.4036,106.07
21.09.2024,North,D. Orlov,Laptops,Online,9,11973.33,3161.28,0.264,1330.37
11.01.2024,North,S. Kim,Peripherals,Online,21,7798.35,2549.52,0.3269,371.35
22.07.2024,South,D. Orlov,Networking,Online,19,19605.34,3912.3,0.1996,1031.86
04.11.2024,North,D. Orlov,Laptops,Online,5,6414,1608.35,0.2508,1282.8
12.01.2024,South,A. Petrov,Storage,Retail,42,47130.72,19181.21,0.407,1122.16
18.02.2025,West,D. Orlov,Laptops,Partner,53,55336.77,8934.65,0.1615,1044.09
15.07.2025,Central,L. Chen,Monitors,Partner,47,80127.48,9597.99,0.1198,1704.84
13.06.2025,Central,S. Kim,Storage,Online,58,54442.86,17221.93,0.3163,938.67
19.05.2024,East,R. Silva,Networking,Online,49,48339.48,20545.56,0.425,986.52
26.10.2024,South,S. Kim,Monitors,Partner,2,169.12,30.57,0.1808,84.56
19.01.2025,North,L. Chen,Laptops,Partner,7,2640.61,1060.43,0.4016,377.23
09.09.2025,Central,R. Silva,Monitors,Retail,50,55778,9196.58,0.1649,1115.56
14.02.2025,South,M. Ivanova,Storage,Online,1,1488.38,364.11,0.2446,1488.38
17.06.2025,North,M. Ivanova,Laptops,Retail,20,21866.2,5501.1,0.2516,1093.31
29.04.2025,South,R. Silva,Networking,Retail,49,34192.69,9767.1,0.2856,697.81
04.11.2024,East,M. Ivanova,Laptops,Partner,35,16142,4957.52,0.3071,461.2
12.09.2024,North,D. Orlov,Storage,Partner,9,11754.9,4181.62,0.3557,1306.1
12.11.2024,Central,A. Petrov,Storage,Partner,28,15835.68,5464.4,0.3451,565.56
28.06.2025,East,R. Silva,Monitors,Partner,2,1078.42,115.94,0.1075,539.21
17.03.2024,West,M. Ivanova,Networking,Partner,18,3868.56,1297.93,0.3355,214.92
04.05.2024,Central,S. Kim,Monitors,Partner,26,28806.44,7924.76,0.2751,1107.94
17.04.2025,West,S. Kim,Storage,Retail,13,7161.05,2309.49,0.3225,550.85
09.03.2024,South,M. Ivanova,Peripherals,Partner,39,57824.13,21384.01,0.3698,1482.67
03.04.2025,South,L. Chen,Networking,Online,52,61286.16,12311.91,0.2009,1178.58
10.01.2024,West,D. Orlov,Networking,Online,17,4070.99,741.45,0.1821,239.47
11.01.2025,North,D. Orlov,Monitors,Retail,43,6584.16,2138.26,0.3248,153.12
23.01.2024,South,L. Chen,Storage,Partner,13,15532.01,3057.98,0.1969,1194.77
17.03.2025,West,M. Ivanova,Monitors,Partner,31,34472,13055.46,0.3787,1112
07.02.2025,East,D. Orlov,Networking,Partner,56,89565.84,10413.75,0.1163,1599.39
01.09.2025,East,S. Kim,Storage,Retail,16,11266.88,1057.03,0.0938,704.18
03.04.2025,Central,M. Ivanova,Monitors,Online,46,52701.28,21686.48,0.4115,1145.68
31.03.2024,West,L. Chen,Monitors,Online,17,18968.43,8312.93,0.4383,1115.79
01.09.2025,Central,L. Chen,Peripherals,Retail,40,69928.8,9711.82,0.1389,1748.22
08.03.2025,East,A. Petrov,Storage,Retail,8,7627.52,3044.47,0.3991,953.44
15.03.2024,West,M. Ivanova,Peripherals,Online,39,56268.42,21027.98,0.3737,1442.78
18.04.2024,West,L. Chen,Monitors,Online,7,7994.63,3192.81,0.3994,1142.09
14.10.2024,Central,L. Chen,Peripherals,Partner,14,976.92,376.15,0.385,69.78
06.08.2024,West,D. Orlov,Monitors,Retail,8,10962.96,2677.11,0.2442,1370.37
14.01.2024,North,S. Kim,Laptops,Retail,57,89024.31,33841.6,0.3801,1561.83
04.03.2024,North,S. Kim,Storage,Retail,16,11197.28,975.3,0.0871,699.83
23.07.2024,East,A. Petrov,Laptops,Retail,51,72670.92,9218.06,0.1268,1424.92
15.03.2025,West,M. Ivanova,Monitors,Partner,43,48754.26,9911.48,0.2033,1133.82
20.06.2025,West,R. Silva,Laptops,Online,23,25952.74,10295.42,0.3967,1128.38
31.05.2025,East,M. Ivanova,Monitors,Online,4,6336.12,2457.81,0.3879,1584.03
03.07.2024,South,A. Petrov,Storage,Online,24,40295.76,14601.11,0.3623,1678.99
30.03.2025,North,D. Orlov,Networking,Online,23,36276.06,15770.59,0.4347,1577.22
16.09.2024,East,M. Ivanova,Storage,Retail,48,56892.48,11130.51,0.1956,1185.26
31.01.2025,West,M. Ivanova,Laptops,Retail,28,32474.68,9034.25,0.2782,1159.81
02.05.2024,North,D. Orlov,Storage,Retail,59,73492.17,9780.98,0.1331,1245.63
02.10.2025,North,A. Petrov,Monitors,Retail,33,8236.47,3182.54,0.3864,249.59
25.02.2024,South,R. Silva,Peripherals,Partner,50,26535.5,2747.41,0.1035,530.71
14.12.2024,West,D. Orlov,Laptops,Partner,44,69564,18531.03,0.2664,1581
29.02.2024,Central,S. Kim,Laptops,Online,5,2260.8,545.53,0.2413,452.16
06.02.2025,East,A. Petrov,Monitors,Retail,28,39417,6685.85,0.1696,1407.75
12.09.2025,East,S. Kim,Storage,Retail,32,53047.04,19639.74,0.3702,1657.72
10.08.2024,West,L. Chen,Monitors,Partner,44,64380.36,9297.4,0.1444,1463.19
29.12.2024,North,R. Silva,Peripherals,Online,40,24226.8,2849.21,0.1176,605.67
03.12.2024,South,A. Petrov,Peripherals,Retail,50,71903.5,31503.06,0.4381,1438.07
03.10.2024,West,D. Orlov,Laptops,Retail,43,7254.1,1841.37,0.2538,168.7
02.02.2024,West,D. Orlov,Networking,Partner,47,19228.64,4714.33,0.2452,409.12
22.04.2025,North,L. Chen,Monitors,Retail,25,30618.25,4345.67,0.1419,1224.73
04.05.2025,East,A. Petrov,Monitors,Partner,19,32688.93,12053.47,0.3687,1720.47
13.07.2025,Central,D. Orlov,Laptops,Partner,7,9410.87,836.63,0.0889,1344.41
23.05.2024,East,L. Chen,Networking,Partner,27,44397.18,18660,0.4203,1644.34
09.04.2025,West,R. Silva,Networking,Retail,38,38747.84,11813.08,0.3049,1019.68
17.01.2024,West,S. Kim,Storage,Online,50,7036,1723.74,0.245,140.72
30.01.2024,North,L. Chen,Storage,Partner,59,98119.36,29802.84,0.3037,1663.04
22.04.2024,East,M. Ivanova,Networking,Online,30,11760.9,3180.85,0.2705,392.03
24.09.2024,North,A. Petrov,Peripherals,Online,24,38540.4,7181.18,0.1863,1605.85
05.08.2024,South,S. Kim,Monitors,Retail,9,6455.34,2014.27,0.312,717.26
30.12.2024,East,D. Orlov,Storage,Retail,58,88069.52,32311.02,0.3669,1518.44
03.03.2024,South,M. Ivanova,Storage,Online,54,56901.96,8416.59,0.1479,1053.74
24.01.2025,North,M. Ivanova,Networking,Partner,36,6693.12,2391.84,0.3574,185.92
24.07.2025,Central,A. Petrov,Laptops,Online,3,4728.42,1812.8,0.3834,1576.14
30.08.2024,Central,M. Ivanova,Peripherals,Partner,19,16058.23,1477.61,0.092,845.17
29.12.2024,West,L. Chen,Monitors,Online,39,62767.38,14466.46,0.2305,1609.42
29.01.2024,North,L. Chen,Networking,Online,42,68882.1,22131.38,0.3213,1640.05
15.01.2025,North,R. Silva,Laptops,Retail,26,17911.14,2302.05,0.1285,688.89
16.02.2024,West,A. Petrov,Storage,Partner,38,31714.04,12395.09,0.3908,834.58
13.12.2024,North,S. Kim,Laptops,Retail,53,74653.15,10407.36,0.1394,1408.55
17.04.2024,South,R. Silva,Monitors,Retail,24,19950.48,4959.52,0.2486,831.27
04.09.2025,West,M. Ivanova,Monitors,Online,19,12591.87,5268.55,0.4184,662.73
26.05.2025,North,M. Ivanova,Networking,Retail,49,84735.7,35404.81,0.4178,1729.3
24.09.2025,South,R. Silva,Laptops,Partner,59,17992.64,5229.06,0.2906,304.96
22.07.2025,South,R. Silva,Networking,Retail,9,13060.62,2655.04,0.2033,1451.18
25.07.2025,South,R. Silva,Monitors,Online,43,49310.25,20392.24,0.4135,1146.75
26.10.2024,North,S. Kim,Monitors,Retail,42,26803.56,3259.9,0.1216,638.18
18.08.2024,Central,L. Chen,Networking,Retail,52,19433.44,7044.47,0.3625,373.72
26.02.2025,South,M. Ivanova,Storage,Partner,44,54666.92,20163.44,0.3688,1242.43
21.09.2025,South,S. Kim,Monitors,Partner,17,15511.31,4286.4,0.2763,912.43
23.01.2025,South,A. Petrov,Laptops,Partner,2,2185.52,656.79,0.3005,1092.76
14.01.2024,Central,L. Chen,Peripherals,Retail,29,47706.74,19533.6,0.4095,1645.06
27.05.2025,North,D. Orlov,Peripherals,Partner,14,13705.86,1971.69,0.1439,978.99
19.08.2024,Central,L. Chen,Laptops,Online,59,73996.62,19694.16,0.2661,1254.18
01.06.2025,North,L. Chen,Storage,Retail,13,17952.87,7890.17,0.4395,1380.99
07.04.2025,South,D. Orlov,Monitors,Online,37,63327.35,10950.74,0.1729,1711.55
23.11.2024,Central,R. Silva,Peripherals,Partner,18,19446.66,2062.92,0.1061,1080.37
30.08.2025,South,M. Ivanova,Monitors,Partner,6,7890.96,1285.62,0.1629,1315.16
27.04.2025,East,R. Silva,Peripherals,Retail,24,24774.24,3338.42,0.1348,1032.26
20.01.2025,Central,A. Petrov,Laptops,Retail,35,11589.2,3928.81,0.339,331.12
19.03.2025,Central,A. Petrov,Laptops,Partner,19,30859.99,6149.7,0.1993,1624.21
17.02.2025,North,R. Silva,Monitors,Retail,3,4196.67,449.77,0.1072,1398.89
21.11.2024,West,S. Kim,Peripherals,Online,26,35674.86,9452.95,0.265,1372.11
11.08.2025,North,A. Petrov,Storage,Retail,44,63847.52,8703.6,0.1363,1451.08
16.06.2025,Central,L. Chen,Storage,Partner,1,1154.23,467.66,0.4052,1154.23
05.06.2025,East,A. Petrov,Laptops,Online,47,69187.29,13084.35,0.1891,1472.07
04.08.2024,Central,D. Orlov,Storage,Partner,41,36010.71,7929,0.2202,878.31
12.11.2024,West,S. Kim,Storage,Partner,48,21370.56,8827.1,0.413,445.22
10.05.2024,West,L. Chen,Peripherals,Retail,43,26465.21,8053.09,0.3043,615.47
14.01.2024,West,L. Chen,Storage,Retail,21,16160.55,2916.49,0.1805,769.55
28.06.2025,Central,L. Chen,Storage,Retail,9,12353.04,3487.08,0.2823,1372.56
25.11.2024,Central,L. Chen,Laptops,Online,12,2910.36,1128.72,0.3878,242.53
16.06.2025,East,L. Chen,Peripherals,Online,14,3599.4,1043.83,0.29,257.1
22.10.2024,North,A. Petrov,Laptops,Partner,11,13931.61,4937,0.3544,1266.51
05.01.2024,South,M. Ivanova,Networking,Online,24,26184.48,10448.58,0.399,1091.02
22.06.2024,South,M. Ivanova,Laptops,Online,55,51242.95,13700.12,0.2674,931.69
02.03.2025,West,D. Orlov,Peripherals,Retail,9,6693.21,2618.32,0.3912,743.69
17.06.2024,Central,A. Petrov,Monitors,Partner,14,3956.96,626.64,0.1584,282.64
06.02.2025,Central,A. Petrov,Storage,Partner,31,10145.06,1304.15,0.1285,327.26
11.10.2024,West,M. Ivanova,Monitors,Online,1,855.27,316.14,0.3696,855.27
21.08.2025,Central,L. Chen,Peripherals,Partner,48,11658.24,2753,0.2361,242.88
20.05.2025,Central,S. Kim,Laptops,Partner,9,3230.91,713.2,0.2207,358.99
14.10.2024,North,R. Silva,Laptops,Online,53,25058.93,4735.87,0.189,472.81
19.05.2025,West,S. Kim,Laptops,Partner,1,160.42,41.65,0.2596,160.42
01.09.2025,Central,L. Chen,Monitors,Retail,19,8913.66,804.48,0.0903,469.14
28.04.2025,West,M. Ivanova,Laptops,Online,59,25833.74,5185.36,0.2007,437.86
03.05.2025,North,R. Silva,Peripherals,Retail,32,31655.36,8970.56,0.2834,989.23
30.08.2025,West,S. Kim,Storage,Online,58,61425.48,11716.35,0.1907,1059.06
01.03.2024,East,D. Orlov,Laptops,Retail,21,6987.75,1780.02,0.2547,332.75
11.05.2024,East,D. Orlov,Monitors,Online,13,17322.5,5086.82,0.2937,1332.5
15.07.2024,North,M. Ivanova,Storage,Partner,47,4886.12,614.5,0.1258,103.96
04.01.2025,Central,D. Orlov,Storage,Online,52,3541.2,594.86,0.168,68.1
12.07.2024,Central,A. Petrov,Networking,Partner,39,61494.81,14494.59,0.2357,1576.79
18.06.2025,North,R. Silva,Storage,Online,51,34913.07,14364.48,0.4114,684.57
26.12.2024,East,A. Petrov,Networking,Partner,52,4046.12,498.17,0.1231,77.81
20.10.2024,North,S. Kim,Networking,Retail,5,5433.7,1075.01,0.1978,1086.74
19.05.2025,West,L. Chen,Laptops,Partner,27,28234.98,11473.91,0.4064,1045.74
15.03.2024,West,R. Silva,Laptops,Retail,46,40057.26,8733.56,0.218,870.81
10.05.2025,Central,M. Ivanova,Networking,Retail,60,83987.4,32261.38,0.3841,1399.79
03.06.2024,West,M. Ivanova,Laptops,Partner,5,6890.45,1558.02,0.2261,1378.09
25.05.2025,South,L. Chen,Monitors,Retail,19,32304.56,7287.2,0.2256,1700.24
03.09.2024,Central,M. Ivanova,Storage,Retail,5,6960.1,779.52,0.112,1392.02
31.03.2024,West,R. Silva,Laptops,Online,47,16307.12,6434.31,0.3946,346.96
01.01.2024,East,R. Silva,Laptops,Online,60,37770.6,8582.52,0.2272,629.51
15.02.2024,West,M. Ivanova,Laptops,Retail,42,24556.56,6580.99,0.268,584.68
11.03.2025,East,A. Petrov,Monitors,Partner,3,4505.07,1590.56,0.3531,1501.69
16.02.2024,West,M. Ivanova,Networking,Online,35,8933.75,1944.02,0.2176,255.25
17.05.2024,South,R. Silva,Networking,Retail,24,30214.08,4457.13,0.1475,1258.92
05.04.2024,North,M. Ivanova,Peripherals,Retail,5,7890.6,3266.7,0.414,1578.12
09.08.2024,South,S. Kim,Monitors,Online,38,15077.64,1243.68,0.0825,396.78
15.09.2025,Central,L. Chen,Storage,Partner,31,50602.85,12886.64,0.2547,1632.35
22.03.2024,West,R. Silva,Peripherals,Online,50,33694,8062.4,0.2393,673.88
19.01.2025,Central,D. Orlov,Laptops,Online,57,49601.4,14424.86,0.2908,870.2
17.07.2025,West,A. Petrov,Laptops,Partner,18,26906.94,4753.56,0.1767,1494.83
29.08.2024,West,R. Silva,Monitors,Online,59,58506.76,20513.53,0.3506,991.64
07.07.2024,Central,R. Silva,Storage,Retail,20,13231,3165.28,0.2392,661.55
15.05.2025,East,A. Petrov,Storage,Retail,51,51643.11,10558.58,0.2045,1012.61
16.01.2024,East,D. Orlov,Laptops,Partner,15,2373.75,778.63,0.328,158.25
26.06.2025,Central,S. Kim,Networking,Partner,22,28118.2,5103.83,0.1815,1278.1
25.01.2024,South,M. Ivanova,Monitors,Retail,1,585.25,159.26,0.2721,585.25
09.03.2024,East,D. Orlov,Peripherals,Online,27,41866.74,14077.15,0.3362,1550.62
26.06.2024,Central,L. Chen,Peripherals,Online,9,15227.55,3688.64,0.2422,1691.95
17.12.2024,East,D. Orlov,Networking,Partner,3,443.31,106.65,0.2406,147.77
24.07.2024,Central,M. Ivanova,Peripherals,Retail,55,6792.5,2345.42,0.3453,123.5
25.03.2025,North,R. Silva,Storage,Partner,52,63984.96,16147.54,0.2524,1230.48
17.09.2024,West,D. Orlov,Monitors,Retail,52,92015.56,22570.89,0.2453,1769.53
15.06.2024,South,M. Ivanova,Networking,Partner,37,36971.14,3941.57,0.1066,999.22
08.08.2025,North,L. Chen,Peripherals,Retail,12,10431.24,3667.6,0.3516,869.27
24.05.2025,Central,A. Petrov,Laptops,Retail,46,41682.9,16039.59,0.3848,906.15
19.06.2025,South,D. Orlov,Storage,Retail,33,32802,11632.68,0.3546,994
18.07.2025,South,R. Silva,Monitors,Online,49,3558.87,928.55,0.2609,72.63
07.12.2024,East,D. Orlov,Monitors,Partner,60,68815.2,13834.97,0.201,1146.92
14.02.2025,Central,A. Petrov,Networking,Retail,41,40157.45,6985.62,0.174,979.45
09.09.2024,South,M. Ivanova,Storage,Partner,48,21531.84,3933.82,0.1827,448.58
05.01.2024,Central,R. Silva,Monitors,Online,30,26355.6,11546.61,0.4381,878.52
22.02.2024,East,A. Petrov,Peripherals,Online,5,5304.45,1529.47,0.2883,1060.89
16.06.2025,South,D. Orlov,Networking,Retail,1,113.95,27.57,0.2419,113.95
31.12.2024,Central,L. Chen,Storage,Partner,55,97808.7,34658.39,0.3543,1778.34
10.07.2024,West,S. Kim,Storage,Retail,14,10997.28,2637.15,0.2398,785.52
27.06.2024,Central,R. Silva,Storage,Retail,49,80323.25,34662.91,0.4315,1639.25
29.05.2025,South,S. Kim,Peripherals,Online,21,33164.46,9365.61,0.2824,1579.26
12.01.2025,Central,A. Petrov,Laptops,Retail,53,41932.01,17667.37,0.4213,791.17
06.12.2024,South,D. Orlov,Laptops,Online,27,16815.06,6605.13,0.3928,622.78
29.07.2024,West,D. Orlov,Storage,Online,39,38211.81,5802.28,0.1518,979.79
23.05.2024,North,A. Petrov,Peripherals,Partner,51,24997.14,8561.49,0.3425,490.14
11.06.2024,South,A. Petrov,Networking,Online,39,26742.69,4032.09,0.1508,685.71
09.07.2024,South,L. Chen,Monitors,Retail,23,8532.77,2012.37,0.2358,370.99
21.06.2024,South,A. Petrov,Peripherals,Online,27,34844.85,13174.82,0.3781,1290.55
03.05.2024,East,M. Ivanova,Laptops,Online,9,1478.88,538.33,0.364,164.32
09.12.2024,Central,R. Silva,Peripherals,Online,3,1884.63,152.34,0.0808,628.21
25.03.2024,Central,D. Orlov,Monitors,Retail,38,3120.56,1074.72,0.3444,82.12
15.09.2024,South,R. Silva,Networking,Partner,56,6900.32,878.85,0.1274,123.22
19.03.2025,East,D. Orlov,Monitors,Retail,53,41908.69,6524.52,0.1557,790.73
17.07.2025,East,M. Ivanova,Networking,Partner,5,505.75,148.87,0.2944,101.15
08.08.2025,West,R. Silva,Laptops,Partner,43,61265.54,24343.09,0.3973,1424.78
21.03.2024,West,R. Silva,Networking,Partner,20,18242.2,7679.46,0.421,912.11
04.03.2025,West,L. Chen,Peripherals,Online,52,50590.8,8251.4,0.1631,972.9
17.04.2025,North,R. Silva,Storage,Partner,56,35354.48,12572.85,0.3556,631.33
13.08.2025,North,R. Silva,Networking,Partner,6,1511.64,128.32,0.0849,251.94
07.01.2025,West,S. Kim,Networking,Retail,26,29414.32,12562.66,0.4271,1131.32
19.04.2025,Central,S. Kim,Networking,Online,18,2132.1,266.11,0.1248,118.45
21.04.2024,Central,R. Silva,Networking,Retail,2,1981.52,679.46,0.3429,990.76
12.06.2024,West,A. Petrov,Networking,Online,33,36337.29,6145.46,0.1691,1101.13
25.06.2025,South,M. Ivanova,Laptops,Online,57,74103.42,14548.36,0.1963,1300.06
23.06.2024,North,L. Chen,Networking,Online,1,633.7,264.43,0.4173,633.7
19.06.2025,Central,M. Ivanova,Laptops,Partner,7,3780.42,1522.22,0.4027,540.06
25.12.2024,Central,A. Petrov,Laptops,Retail,2,2572.84,544.17,0.2115,1286.42
28.03.2024,East,L. Chen,Storage,Partner,35,3319.75,590.28,0.1778,94.85
18.05.2025,North,L. Chen,Storage,Online,22,28429.28,4136.66,0.1455,1292.24
15.09.2025,North,A. Petrov,Peripherals,Retail,49,12839.47,1686.94,0.1314,262.03
02.03.2025,Central,L. Chen,Storage,Retail,26,21765.64,9052.73,0.4159,837.14
05.02.2025,South,R. Silva,Storage,Retail,3,2962.98,318.28,0.1074,987.66
02.12.2024,South,D. Orlov,Laptops,Retail,34,30110.4,11682.05,0.388,885.6
06.10.2024,East,S. Kim,Storage,Partner,22,20281.36,4882.43,0.2407,921.88
31.05.2024,Central,A. Petrov,Peripherals,Partner,37,65840.39,9939.41,0.151,1779.47
11.03.2024,East,L. Chen,Networking,Retail,28,46841.2,15571.78,0.3324,1672.9
16.02.2024,Central,D. Orlov,Monitors,Online,45,32098.05,13039.35,0.4062,713.29
08.06.2024,Central,A. Petrov,Storage,Retail,1,938.67,96.2,0.1025,938.67
13.02.2024,South,S. Kim,Networking,Retail,28,29007.16,5120.42,0.1765,1035.97
18.06.2025,Central,A. Petrov,Laptops,Online,3,5082.03,1421.3,0.2797,1694.01
01.04.2024,South,S. Kim,Peripherals,Retail,51,54019.71,12358.93,0.2288,1059.21
05.03.2024,North,A. Petrov,Storage,Retail,43,74257.99,25650.9,0.3454,1726.93
10.05.2024,East,M. Ivanova,Monitors,Retail,21,37118.76,9463.73,0.255,1767.56
