Дата;Филиал;Менеджер;Продукт;Количество;Выручка;Себестоимость;Маржинальность
04.07.2025;Москва;S. Kim;Тариф Базовый;30;925 408,28;476 995,77;48,5%
09.10.2025;Новосибирск;A. Petrov;Тариф Команда;23;503 265,39;226 485,06;55,0%
09.10.2025;Екатеринбург;D. Orlov;Тариф Команда;15;327 873,83;269 521,10;17,8%
11.04.2025;Москва;R. Silva;Тариф Команда;12;503 812,48;239 418,41;52,5%
19.02.2025;Новосибирск;L. Chen;Тариф Базовый;7;47 815,00;19 869,44;58,4%
16.07.2025;Санкт-Петербург;S. Kim;Тариф Команда;5;23 279,49;16 237,76;30,2%
10.09.2025;Новосибирск;M. Ivanova;Тариф Базовый;27;438 401,25;357 055,67;18,6%
19.04.2025;Екатеринбург;R. Silva;Доп. место;39;1 331 357,09;665 129,91;50,0%
19.06.2025;Москва;M. Ivanova;Тариф Команда;38;531 899,51;449 672,02;15,5%
12.06.2025;Екатеринбург;D. Orlov;Тариф Про;10;213 647,92;93 286,47;56,3%
05.04.2025;Москва;S. Kim;Тариф Базовый;13;256 979,90;183 392,62;28,6%
04.06.2025;Москва;D. Orlov;Тариф Команда;31;1 020 534,44;826 174,37;19,0%
23.03.2025;Казань;D. Orlov;Доп. место;15;133 869,45;60 040,07;55,2%
05.03.2025;Казань;R. Silva;Тариф Про;10;247 603,57;199 457,28;19,4%
26.02.2025;Новосибирск;A. Petrov;Доп. место;17;453 993,41;347 383,68;23,5%
25.09.2025;Екатеринбург;L. Chen;Тариф Про;2;46 469,82;24 000,08;48,4%
09.05.2025;Москва;A. Petrov;Тариф Про;26;610 042,69;392 101,91;35,7%
25.05.2025;Москва;R. Silva;Тариф Про;33;905 188,95;365 263,09;59,6%
16.03.2025;Санкт-Петербург;M. Ivanova;Тариф Команда;3;54 537,05;22 024,60;59,6%
25.05.2025;Санкт-Петербург;M. Ivanova;Тариф Про;16;263 558,75;218 434,41;17,1%
25.01.2025;Москва;S. Kim;Доп. место;6;123 597,14;55 123,20;55,4%
01.09.2025;Санкт-Петербург;A. Petrov;Тариф Команда;34;706 183,15;467 992,18;33,7%
01.02.2025;Санкт-Петербург;S. Kim;Тариф Базовый;10;202 372,94;136 775,26;32,4%
28.06.2025;Москва;D. Orlov;Тариф Про;12;209 244,52;115 364,45;44,9%
05.09.2025;Санкт-Петербург;A. Petrov;Тариф Базовый;37;1 285 039,41;577 321,54;55,1%
15.04.2025;Екатеринбург;L. Chen;Доп. место;37;67 699,65;52 358,86;22,7%
04.02.2025;Екатеринбург;M. Ivanova;Тариф Базовый;27;530 370,98;382 114,39;28,0%
12.09.2025;Новосибирск;S. Kim;Тариф Команда;40;1 786 105,07;1 044 699,99;41,5%
19.10.2025;Москва;M. Ivanova;Доп. место;13;528 664,43;281 536,50;46,7%
11.02.2025;Казань;A. Petrov;Тариф Базовый;15;523 362,74;304 493,44;41,8%
18.02.2025;Екатеринбург;S. Kim;Доп. место;37;1 118 860,90;897 873,36;19,8%
30.08.2025;Казань;M. Ivanova;Тариф Про;38;1 521 962,85;824 560,79;45,8%
18.05.2025;Казань;R. Silva;Тариф Базовый;35;656 786,69;406 178,84;38,2%
09.01.2025;Казань;R. Silva;Тариф Команда;8;118 588,57;69 713,81;41,2%
11.06.2025;Екатеринбург;R. Silva;Тариф Базовый;6;16 249,35;12 683,48;21,9%
16.06.2025;Санкт-Петербург;M. Ivanova;Тариф Команда;28;881 455,06;488 503,36;44,6%
06.01.2025;Новосибирск;D. Orlov;Тариф Команда;2;75 262,03;60 226,36;20,0%
10.01.2025;Новосибирск;S. Kim;Тариф Команда;15;65 398,69;41 325,12;36,8%
28.03.2025;Санкт-Петербург;M. Ivanova;Доп. место;33;984 120,87;531 895,97;46,0%
26.07.2025;Москва;A. Petrov;Тариф Про;31;1 010 588,20;743 355,41;26,4%
20.01.2025;Москва;L. Chen;Тариф Команда;12;258 504,08;203 359,06;21,3%
14.04.2025;Новосибирск;S. Kim;Тариф Про;10;73 253,42;42 459,66;42,0%
10.09.2025;Москва;D. Orlov;Тариф Базовый;19;171 337,41;119 583,82;30,2%
28.05.2025;Москва;L. Chen;Тариф Про;18;724 687,09;494 849,80;31,7%
24.09.2025;Новосибирск;S. Kim;Тариф Про;40;298 663,42;200 064,66;33,0%
08.04.2025;Екатеринбург;M. Ivanova;Тариф Про;9;317 657,35;144 790,40;54,4%
14.07.2025;Москва;S. Kim;Тариф Базовый;23;879 784,30;468 106,06;46,8%
25.06.2025;Казань;S. Kim;Тариф Про;34;294 730,85;138 348,34;53,1%
02.03.2025;Новосибирск;L. Chen;Тариф Команда;31;192 982,71;108 577,50;43,7%
05.06.2025;Москва;S. Kim;Тариф Про;7;21 697,54;14 919,65;31,2%
17.04.2025;Екатеринбург;L. Chen;Тариф Команда;34;418 199,51;335 270,82;19,8%
12.02.2025;Новосибирск;R. Silva;Тариф Базовый;33;380 418,53;268 139,68;29,5%
31.07.2025;Москва;R. Silva;Тариф Команда;1;24 911,61;17 868,42;28,3%
30.07.2025;Екатеринбург;M. Ivanova;Тариф Команда;33;103 206,97;70 673,63;31,5%
06.05.2025;Новосибирск;S. Kim;Тариф Базовый;39;66 346,89;51 414,44;22,5%
09.09.2025;Санкт-Петербург;M. Ivanova;Тариф Команда;39;1 737 585,83;798 332,97;54,1%
08.02.2025;Казань;S. Kim;Тариф Про;35;626 031,43;409 843,47;34,5%
22.09.2025;Москва;R. Silva;Тариф Команда;14;51 589,44;37 959,07;26,4%
03.05.2025;Москва;S. Kim;Тариф Базовый;2;26 060,11;21 858,96;16,1%
14.07.2025;Казань;A. Petrov;Тариф Базовый;28;886 490,17;654 928,00;26,1%
24.01.2025;Екатеринбург;D. Orlov;Тариф Базовый;38;380 745,76;264 508,50;30,5%
05.04.2025;Казань;A. Petrov;Тариф Про;25;613 310,82;383 474,30;37,5%
25.01.2025;Новосибирск;A. Petrov;Тариф Про;28;512 686,93;220 054,48;57,1%
02.09.2025;Екатеринбург;S. Kim;Тариф Про;4;87 584,11;66 047,22;24,6%
26.07.2025;Москва;M. Ivanova;Доп. место;14;45 005,30;19 632,97;56,4%
27.01.2025;Москва;A. Petrov;Тариф Про;33;422 874,02;178 199,43;57,9%
27.07.2025;Казань;R. Silva;Тариф Базовый;13;357 327,97;275 424,84;22,9%
18.09.2025;Новосибирск;R. Silva;Тариф Базовый;34;1 193 608,62;987 289,75;17,3%
01.01.2025;Санкт-Петербург;L. Chen;Тариф Базовый;35;1 563 557,54;948 787,02;39,3%
22.07.2025;Москва;D. Orlov;Доп. место;31;514 927,28;412 719,10;19,8%
04.02.2025;Москва;M. Ivanova;Тариф Про;2;16 034,79;11 401,77;28,9%
28.04.2025;Санкт-Петербург;D. Orlov;Тариф Про;38;618 408,65;427 189,89;30,9%
08.05.2025;Екатеринбург;S. Kim;Тариф Базовый;4;37 347,61;16 394,80;56,1%
02.06.2025;Москва;S. Kim;Тариф Базовый;7;243 347,16;126 940,06;47,8%
25.02.2025;Новосибирск;S. Kim;Тариф Про;8;37 705,34;25 457,46;32,5%
19.03.2025;Казань;S. Kim;Тариф Команда;12;380 866,93;270 681,19;28,9%
15.01.2025;Новосибирск;D. Orlov;Тариф Команда;26;573 804,37;315 161,05;45,1%
05.05.2025;Санкт-Петербург;M. Ivanova;Доп. место;37;287 701,41;153 569,97;46,6%
04.07.2025;Казань;R. Silva;Тариф Команда;25;180 026,63;82 985,27;53,9%
09.09.2025;Казань;M. Ivanova;Тариф Про;35;484 627,55;408 087,98;15,8%
30.03.2025;Новосибирск;S. Kim;Тариф Базовый;5;220 645,20;141 885,43;35,7%
23.05.2025;Новосибирск;S. Kim;Тариф Базовый;4;38 936,88;21 314,03;45,3%
06.02.2025;Санкт-Петербург;L. Chen;Тариф Про;27;990 574,82;521 929,64;47,3%
01.01.2025;Новосибирск;M. Ivanova;Доп. место;26;314 652,21;168 468,74;46,5%
01.09.2025;Казань;A. Petrov;Тариф Про;13;365 025,84;194 767,16;46,6%
10.08.2025;Москва;S. Kim;Доп. место;7;178 421,28;101 036,36;43,4%
04.06.2025;Новосибирск;M. Ivanova;Тариф Базовый;35;1 269 378,08;792 531,32;37,6%
15.02.2025;Казань;L. Chen;Тариф Базовый;22;93 833,71;70 252,15;25,1%
09.06.2025;Москва;D. Orlov;Тариф Про;2;73 698,06;43 354,48;41,2%
16.02.2025;Санкт-Петербург;S. Kim;Тариф Команда;15;609 107,32;369 803,59;39,3%
09.04.2025;Санкт-Петербург;L. Chen;Тариф Команда;15;307 115,11;242 561,56;21,0%
24.01.2025;Екатеринбург;S. Kim;Доп. место;3;26 156,90;11 231,58;57,1%
06.08.2025;Казань;R. Silva;Тариф Про;36;1 226 466,29;626 293,86;48,9%
17.08.2025;Москва;R. Silva;Доп. место;14;603 363,65;253 845,60;57,9%
29.06.2025;Москва;R. Silva;Доп. место;25;1 039 997,19;614 524,99;40,9%
01.08.2025;Новосибирск;R. Silva;Доп. место;11;429 883,65;251 917,51;41,4%
08.02.2025;Казань;R. Silva;Тариф Базовый;24;641 967,15;293 967,77;54,2%
22.02.2025;Екатеринбург;S. Kim;Тариф Про;19;119 262,35;83 090,47;30,3%
06.05.2025;Казань;M. Ivanova;Доп. место;33;1 274 761,92;668 543,24;47,6%
17.10.2025;Казань;D. Orlov;Тариф Про;35;1 533 018,94;669 102,88;56,4%
23.10.2025;Санкт-Петербург;S. Kim;Тариф Команда;20;335 282,07;202 150,20;39,7%
07.01.2025;Новосибирск;D. Orlov;Тариф Базовый;9;228 100,77;144 863,70;36,5%
28.05.2025;Санкт-Петербург;L. Chen;Тариф Про;12;418 759,11;183 706,06;56,1%
13.04.2025;Екатеринбург;S. Kim;Тариф Команда;9;393 318,86;297 891,94;24,3%
29.06.2025;Москва;M. Ivanova;Тариф Про;23;934 150,10;673 939,10;27,9%
25.04.2025;Новосибирск;S. Kim;Тариф Про;37;114 928,72;82 164,02;28,5%
26.10.2025;Санкт-Петербург;M. Ivanova;Тариф Команда;19;828 368,38;390 439,02;52,9%
20.02.2025;Новосибирск;S. Kim;Тариф Базовый;24;757 256,66;560 601,31;26,0%
18.02.2025;Москва;R. Silva;Тариф Базовый;26;996 973,14;660 185,51;33,8%
29.06.2025;Новосибирск;D. Orlov;Тариф Команда;11;493 677,31;390 247,30;21,0%
25.01.2025;Екатеринбург;S. Kim;Тариф Базовый;6;203 080,59;113 761,23;44,0%
26.06.2025;Новосибирск;D. Orlov;Тариф Базовый;39;1 032 821,74;555 995,44;46,2%
10.10.2025;Екатеринбург;A. Petrov;Тариф Команда;7;37 214,38;15 668,95;57,9%
20.01.2025;Санкт-Петербург;L. Chen;Тариф Команда;29;761 298,77;304 723,85;60,0%
13.06.2025;Санкт-Петербург;A. Petrov;Тариф Базовый;7;214 870,75;142 485,05;33,7%
16.03.2025;Новосибирск;R. Silva;Доп. место;14;204 717,73;151 330,44;26,1%
16.02.2025;Санкт-Петербург;A. Petrov;Доп. место;23;324 247,72;136 050,83;58,0%
26.09.2025;Казань;A. Petrov;Доп. место;40;1 008 117,49;561 929,98;44,3%
22.03.2025;Москва;L. Chen;Доп. место;15;223 887,33;147 847,76;34,0%
13.10.2025;Новосибирск;M. Ivanova;Тариф Команда;25;427 613,68;329 313,17;23,0%
10.03.2025;Новосибирск;A. Petrov;Тариф Про;5;24 405,51;19 708,98;19,2%
20.07.2025;Екатеринбург;R. Silva;Тариф Команда;40;1 361 649,56;820 345,86;39,8%
08.05.2025;Екатеринбург;D. Orlov;Тариф Базовый;33;1 222 625,64;503 514,15;58,8%
22.04.2025;Москва;S. Kim;Доп. место;24;305 124,99;138 482,56;54,6%
10.05.2025;Санкт-Петербург;L. Chen;Тариф Про;31;574 462,99;438 780,68;23,6%
17.06.2025;Екатеринбург;S. Kim;Тариф Про;11;290 726,55;230 145,70;20,8%
09.09.2025;Екатеринбург;L. Chen;Тариф Команда;5;73 796,00;32 009,01;56,6%
28.02.2025;Екатеринбург;A. Petrov;Тариф Базовый;26;283 224,76;238 204,34;15,9%
08.10.2025;Екатеринбург;R. Silva;Тариф Команда;27;545 008,13;313 572,42;42,5%
01.02.2025;Казань;M. Ivanova;Тариф Про;10;228 865,51;166 216,76;27,4%
20.06.2025;Екатеринбург;S. Kim;Доп. место;3;71 624,12;60 085,50;16,1%
02.09.2025;Москва;M. Ivanova;Тариф Базовый;26;1 137 846,64;521 698,60;54,2%
29.01.2025;Новосибирск;S. Kim;Тариф Базовый;6;117 023,68;92 103,39;21,3%
18.01.2025;Москва;S. Kim;Тариф Про;28;878 457,71;534 262,59;39,2%
04.02.2025;Санкт-Петербург;L. Chen;Тариф Базовый;6;141 101,60;68 025,70;51,8%
23.03.2025;Санкт-Петербург;R. Silva;Тариф Базовый;5;4 547,05;2 083,35;54,2%
07.01.2025;Екатеринбург;M. Ivanova;Тариф Команда;10;409 714,68;282 132,12;31,1%
10.05.2025;Москва;R. Silva;Тариф Базовый;2;38 616,46;19 139,44;50,4%
16.06.2025;Москва;M. Ivanova;Тариф Базовый;14;223 645,91;150 385,07;32,8%
24.05.2025;Екатеринбург;D. Orlov;Тариф Про;5;196 730,57;113 029,71;42,5%
25.01.2025;Новосибирск;S. Kim;Доп. место;16;718 764,31;403 888,49;43,8%
02.06.2025;Москва;D. Orlov;Доп. место;32;435 775,48;256 945,94;41,0%
10.04.2025;Москва;R. Silva;Тариф Про;14;285 251,14;134 148,28;53,0%
23.06.2025;Екатеринбург;D. Orlov;Тариф Про;7;206 623,14;163 853,52;20,7%
14.07.2025;Екатеринбург;R. Silva;Тариф Базовый;14;84 378,86;45 828,76;45,7%
23.05.2025;Санкт-Петербург;A. Petrov;Доп. место;18;663 902,03;436 541,30;34,2%
19.01.2025;Екатеринбург;D. Orlov;Тариф Базовый;11;347 550,42;168 800,65;51,4%
04.10.2025;Новосибирск;M. Ivanova;Доп. место;26;101 012,02;42 352,21;58,1%
08.04.2025;Екатеринбург;S. Kim;Тариф Про;21;98 892,32;40 140,63;59,4%
31.08.2025;Казань;M. Ivanova;Тариф Про;32;1 299 010,80;569 915,16;56,1%
01.05.2025;Екатеринбург;S. Kim;Тариф Команда;19;397 693,55;169 543,06;57,4%
17.05.2025;Екатеринбург;A. Petrov;Тариф Базовый;26;1 105 256,84;511 189,73;53,7%
14.05.2025;Екатеринбург;D. Orlov;Тариф Базовый;35;1 203 626,16;690 762,31;42,6%
15.02.2025;Москва;S. Kim;Доп. место;10;356 003,78;249 254,59;30,0%
28.02.2025;Екатеринбург;D. Orlov;Тариф Базовый;20;170 182,43;78 816,91;53,7%
22.09.2025;Новосибирск;S. Kim;Тариф Про;6;10 086,54;4 543,56;55,0%
16.04.2025;Казань;A. Petrov;Доп. место;40;674 396,69;331 083,35;50,9%
07.07.2025;Новосибирск;S. Kim;Доп. место;39;724 009,12;342 036,07;52,8%
31.07.2025;Санкт-Петербург;R. Silva;Тариф Базовый;29;901 445,65;730 156,87;19,0%
25.04.2025;Санкт-Петербург;D. Orlov;Доп. место;21;413 264,33;313 640,67;24,1%
21.10.2025;Санкт-Петербург;A. Petrov;Тариф Про;18;155 677,31;86 430,41;44,5%
12.07.2025;Екатеринбург;D. Orlov;Тариф Команда;36;1 299 906,15;995 617,52;23,4%
16.03.2025;Москва;R. Silva;Тариф Про;13;439 945,74;264 676,29;39,8%
03.03.2025;Казань;R. Silva;Тариф Команда;38;621 779,35;395 488,04;36,4%
14.08.2025;Москва;D. Orlov;Тариф Базовый;28;225 420,62;123 691,92;45,1%
01.01.2025;Санкт-Петербург;D. Orlov;Тариф Про;1;20 221,20;12 462,53;38,4%
26.01.2025;Новосибирск;R. Silva;Доп. место;3;19 488,86;13 560,49;30,4%
04.07.2025;Москва;A. Petrov;Тариф Про;15;538 094,01;225 830,01;58,0%
29.09.2025;Казань;S. Kim;Тариф Про;23;689 727,81;329 800,08;52,2%
15.02.2025;Москва;L. Chen;Доп. место;36;348 451,51;249 666,03;28,3%
30.07.2025;Казань;S. Kim;Тариф Про;20;338 416,38;137 346,10;59,4%
30.09.2025;Москва;D. Orlov;Доп. место;11;145 663,07;84 889,45;41,7%
08.08.2025;Москва;M. Ivanova;Тариф Про;28;207 935,41;173 140,89;16,7%
09.04.2025;Новосибирск;D. Orlov;Доп. место;14;422 508,12;234 419,41;44,5%
12.05.2025;Екатеринбург;L. Chen;Тариф Про;20;525 577,31;238 504,76;54,6%
06.04.2025;Москва;S. Kim;Тариф Команда;5;18 415,15;11 519,33;37,4%
22.06.2025;Екатеринбург;L. Chen;Тариф Про;6;43 238,60;20 958,39;51,5%
11.01.2025;Новосибирск;A. Petrov;Тариф Базовый;31;1 081 873,75;464 824,47;57,0%
10.07.2025;Новосибирск;S. Kim;Тариф Про;2;85 636,50;64 028,27;25,2%
10.03.2025;Санкт-Петербург;L. Chen;Тариф Про;36;439 813,79;241 286,25;45,1%
01.04.2025;Екатеринбург;L. Chen;Тариф Команда;17;480 648,14;406 326,96;15,5%
14.03.2025;Новосибирск;L. Chen;Доп. место;11;284 393,12;207 296,01;27,1%
11.05.2025;Новосибирск;M. Ivanova;Тариф Команда;33;581 049,60;324 121,15;44,2%
23.04.2025;Екатеринбург;S. Kim;Доп. место;21;79 266,81;56 944,10;28,2%
04.04.2025;Москва;M. Ivanova;Тариф Базовый;26;1 090 669,66;773 709,60;29,1%
20.08.2025;Екатеринбург;R. Silva;Доп. место;27;1 021 134,74;522 408,87;48,8%
09.03.2025;Новосибирск;S. Kim;Тариф Про;28;701 596,00;370 478,27;47,2%
24.08.2025;Новосибирск;A. Petrov;Тариф Про;12;434 940,91;275 494,39;36,7%
05.09.2025;Санкт-Петербург;S. Kim;Доп. место;13;418 710,68;189 576,27;54,7%
03.01.2025;Екатеринбург;A. Petrov;Тариф Команда;24;528 051,56;239 085,86;54,7%
28.03.2025;Санкт-Петербург;L. Chen;Доп. место;32;1 255 006,71;891 319,49;29,0%
01.09.2025;Казань;S. Kim;Тариф Команда;26;572 283,81;303 368,14;47,0%
23.03.2025;Казань;D. Orlov;Доп. место;6;210 053,84;91 525,01;56,4%
28.06.2025;Казань;R. Silva;Тариф Про;5;26 824,11;21 136,13;21,2%
15.01.2025;Казань;R. Silva;Тариф Базовый;17;606 412,20;326 142,50;46,2%
16.04.2025;Москва;S. Kim;Тариф Про;4;92 663,45;60 224,39;35,0%
16.01.2025;Екатеринбург;L. Chen;Доп. место;39;1 331 182,35;1 061 302,95;20,3%
05.05.2025;Екатеринбург;S. Kim;Доп. место;15;371 948,61;262 532,01;29,4%
03.03.2025;Москва;R. Silva;Тариф Команда;11;340 953,24;185 045,05;45,7%
29.04.2025;Санкт-Петербург;D. Orlov;Тариф Про;40;1 350 987,62;816 968,41;39,5%
09.10.2025;Санкт-Петербург;D. Orlov;Тариф Команда;37;324 368,62;191 758,55;40,9%
02.01.2025;Москва;L. Chen;Доп. место;29;1 035 717,02;488 664,33;52,8%
27.05.2025;Екатеринбург;R. Silva;Доп. место;30;126 626,54;54 047,76;57,3%
10.09.2025;Казань;D. Orlov;Тариф Команда;15;50 568,26;36 142,38;28,5%
07.05.2025;Москва;M. Ivanova;Доп. место;32;659 881,57;367 985,34;44,2%
04.03.2025;Москва;A. Petrov;Тариф Базовый;9;24 608,76;11 970,38;51,4%
24.09.2025;Екатеринбург;A. Petrov;Доп. место;14;558 203,21;378 317,01;32,2%
28.01.2025;Москва;S. Kim;Тариф Команда;13;303 070,50;137 352,34;54,7%
21.02.2025;Москва;D. Orlov;Тариф Команда;19;74 115,12;38 716,66;47,8%
27.05.2025;Санкт-Петербург;R. Silva;Тариф Команда;7;242 950,83;114 795,17;52,7%
08.04.2025;Новосибирск;L. Chen;Доп. место;10;431 156,91;188 295,62;56,3%
18.03.2025;Новосибирск;M. Ivanova;Тариф Базовый;27;901 850,64;542 860,23;39,8%
20.05.2025;Екатеринбург;D. Orlov;Тариф Команда;34;77 902,79;52 925,62;32,1%
15.01.2025;Екатеринбург;S. Kim;Тариф Базовый;29;281 685,08;183 137,75;35,0%
29.05.2025;Санкт-Петербург;R. Silva;Тариф Про;9;11 741,58;4 783,45;59,3%
04.09.2025;Москва;M. Ivanova;Доп. место;19;622 049,17;494 466,68;20,5%
31.05.2025;Санкт-Петербург;M. Ivanova;Тариф Про;39;459 777,52;375 941,78;18,2%
27.04.2025;Санкт-Петербург;S. Kim;Тариф Про;12;312 361,66;152 380,11;51,2%
10.05.2025;Санкт-Петербург;A. Petrov;Доп. место;3;88 069,70;52 371,55;40,5%
17.02.2025;Новосибирск;L. Chen;Тариф Базовый;34;1 314 368,66;947 265,26;27,9%
13.10.2025;Москва;S. Kim;Тариф Про;12;475 829,85;217 075,28;54,4%
03.09.2025;Екатеринбург;R. Silva;Доп. место;15;360 930,24;231 090,74;36,0%
23.10.2025;Санкт-Петербург;S. Kim;Тариф Команда;32;178 184,68;102 004,34;42,8%
20.09.2025;Москва;M. Ivanova;Тариф Команда;7;254 943,21;190 423,72;25,3%
26.08.2025;Екатеринбург;M. Ivanova;Тариф Команда;14;60 641,89;39 056,73;35,6%
28.08.2025;Санкт-Петербург;S. Kim;Доп. место;8;59 494,31;38 482,84;35,3%
02.10.2025;Санкт-Петербург;L. Chen;Доп. место;14;95 085,74;63 993,67;32,7%
26.05.2025;Новосибирск;R. Silva;Тариф Команда;27;819 707,35;567 147,13;30,8%
01.09.2025;Москва;L. Chen;Доп. место;12;534 915,92;408 371,94;23,7%
07.07.2025;Москва;S. Kim;Тариф Базовый;34;1 272 915,04;749 266,88;41,1%
02.09.2025;Екатеринбург;L. Chen;Тариф Базовый;14;551 597,97;380 237,38;31,1%
12.07.2025;Санкт-Петербург;A. Petrov;Доп. место;2;76 227,23;49 721,00;34,8%
07.07.2025;Казань;L. Chen;Тариф Базовый;39;1 743 975,45;1 418 425,78;18,7%
05.01.2025;Москва;R. Silva;Доп. место;17;183 964,91;138 079,67;24,9%
11.08.2025;Новосибирск;A. Petrov;Тариф Базовый;3;119 977,69;70 604,86;41,2%
08.06.2025;Екатеринбург;S. Kim;Доп. место;17;627 163,67;375 462,99;40,1%
12.05.2025;Новосибирск;R. Silva;Тариф Про;38;1 214 509,74;811 309,59;33,2%
30.04.2025;Казань;M. Ivanova;Доп. место;32;651 000,99;308 673,56;52,6%
03.05.2025;Москва;D. Orlov;Тариф Базовый;4;46 160,47;33 115,71;28,3%
20.01.2025;Москва;D. Orlov;Тариф Команда;17;245 383,13;126 408,13;48,5%
26.10.2025;Москва;S. Kim;Тариф Про;4;103 980,88;63 595,24;38,8%
14.01.2025;Казань;D. Orlov;Тариф Про;8;197 855,26;166 262,70;16,0%
01.02.2025;Екатеринбург;L. Chen;Тариф Команда;37;1 438 048,34;793 153,51;44,8%
20.03.2025;Екатеринбург;M. Ivanova;Доп. место;9;105 761,72;58 881,56;44,3%
15.05.2025;Санкт-Петербург;S. Kim;Тариф Базовый;10;71 292,10;59 253,39;16,9%
25.02.2025;Казань;A. Petrov;Тариф Команда;33;1 399 789,41;916 022,18;34,6%
25.02.2025;Москва;S. Kim;Тариф Команда;6;152 614,65;93 348,13;38,8%
04.06.2025;Екатеринбург;D. Orlov;Тариф Базовый;35;723 670,49;363 365,00;49,8%
03.01.2025;Казань;M. Ivanova;Доп. место;7;15 758,64;11 320,94;28,2%
13.09.2025;Екатеринбург;R. Silva;Тариф Команда;10;379 796,63;281 776,64;25,8%
02.03.2025;Казань;S. Kim;Тариф Команда;31;1 253 197,79;1 040 111,00;17,0%
30.05.2025;Екатеринбург;R. Silva;Тариф Базовый;15;524 228,63;267 999,27;48,9%
11.07.2025;Екатеринбург;L. Chen;Доп. место;32;939 319,02;538 188,99;42,7%
09.09.2025;Санкт-Петербург;L. Chen;Тариф Про;17;177 170,34;107 963,25;39,1%
24.06.2025;Москва;M. Ivanova;Тариф Команда;25;1 022 848,11;463 978,46;54,6%
14.04.2025;Санкт-Петербург;L. Chen;Доп. место;18;303 583,74;194 951,85;35,8%
12.07.2025;Новосибирск;D. Orlov;Тариф Про;24;397 027,64;284 035,00;28,5%
14.05.2025;Екатеринбург;S. Kim;Доп. место;4;168 648,20;80 530,83;52,2%
03.04.2025;Москва;M. Ivanova;Тариф Команда;27;1 110 755,60;714 481,76;35,7%
08.05.2025;Москва;A. Petrov;Тариф Базовый;31;813 896,98;557 687,97;31,5%
26.06.2025;Москва;A. Petrov;Тариф Про;37;217 556,00;105 166,91;51,7%
27.06.2025;Москва;S. Kim;Тариф Команда;32;177 324,90;121 972,15;31,2%
20.03.2025;Казань;D. Orlov;Тариф Про;34;870 583,42;728 275,65;16,3%
15.08.2025;Екатеринбург;R. Silva;Тариф Про;3;75 205,51;32 115,29;57,3%
30.03.2025;Казань;L. Chen;Тариф Про;29;347 067,16;193 154,67;44,3%
16.06.2025;Москва;M. Ivanova;Тариф Команда;26;787 074,20;554 583,43;29,5%
13.08.2025;Новосибирск;L. Chen;Доп. место;33;504 322,72;273 671,35;45,7%
16.06.2025;Москва;D. Orlov;Тариф Про;18;612 504,50;408 031,80;33,4%
30.05.2025;Москва;L. Chen;Тариф Базовый;32;1 179 727,02;718 859,59;39,1%
25.05.2025;Москва;S. Kim;Доп. место;1;22 179,92;13 085,01;41,0%
17.04.2025;Екатеринбург;R. Silva;Тариф Базовый;14;27 465,74;14 204,84;48,3%
05.04.2025;Санкт-Петербург;S. Kim;Доп. место;18;671 627,87;283 614,87;57,8%
04.05.2025;Екатеринбург;M. Ivanova;Тариф Про;4;109 514,13;71 760,63;34,5%
27.10.2025;Санкт-Петербург;A. Petrov;Тариф Команда;2;63 145,59;36 581,87;42,1%
04.03.2025;Санкт-Петербург;R. Silva;Тариф Про;25;680 570,17;543 114,99;20,2%
23.06.2025;Казань;M. Ivanova;Доп. место;5;143 050,71;98 502,60;31,1%
23.03.2025;Казань;L. Chen;Тариф Базовый;38;1 036 223,02;850 716,08;17,9%
18.02.2025;Санкт-Петербург;S. Kim;Доп. место;7;288 356,88;208 087,45;27,8%
01.02.2025;Казань;D. Orlov;Доп. место;23;648 550,49;397 687,57;38,7%
10.06.2025;Казань;S. Kim;Тариф Про;34;184 840,99;85 086,37;54,0%
19.07.2025;Санкт-Петербург;A. Petrov;Тариф Про;22;582 203,76;432 038,56;25,8%
13.01.2025;Санкт-Петербург;M. Ivanova;Тариф Команда;16;124 199,23;68 840,01;44,6%
05.08.2025;Екатеринбург;M. Ivanova;Тариф Базовый;36;984 188,16;442 650,11;55,0%
26.10.2025;Новосибирск;D. Orlov;Тариф Базовый;27;234 696,05;105 239,82;55,2%
26.01.2025;Санкт-Петербург;M. Ivanova;Тариф Команда;36;1 149 161,83;488 106,55;57,5%
01.05.2025;Москва;M. Ivanova;Доп. место;8;229 195,84;150 207,77;34,5%
29.03.2025;Новосибирск;L. Chen;Тариф Базовый;13;146 051,26;102 043,32;30,1%
31.05.2025;Екатеринбург;S. Kim;Тариф Про;39;519 105,51;369 041,29;28,9%
27.06.2025;Казань;D. Orlov;Тариф Базовый;34;675 549,57;378 858,39;43,9%
23.04.2025;Новосибирск;M. Ivanova;Тариф Команда;14;156 165,30;91 709,81;41,3%
07.10.2025;Новосибирск;M. Ivanova;Доп. место;2;41 136,51;32 994,27;19,8%
30.01.2025;Санкт-Петербург;S. Kim;Доп. место;27;1 074 130,42;696 366,52;35,2%
24.01.2025;Москва;D. Orlov;Тариф Про;32;187 985,59;77 278,11;58,9%
07.04.2025;Санкт-Петербург;L. Chen;Тариф Про;17;660 953,93;378 327,81;42,8%
17.01.2025;Казань;R. Silva;Тариф Команда;38;1 019 041,89;797 870,44;21,7%
06.02.2025;Екатеринбург;S. Kim;Доп. место;7;181 181,37;142 930,81;21,1%
03.09.2025;Москва;D. Orlov;Доп. место;39;972 628,23;482 397,71;50,4%
02.01.2025;Санкт-Петербург;M. Ivanova;Доп. место;34;1 504 987,86;756 207,18;49,8%
11.07.2025;Москва;S. Kim;Тариф Про;28;669 151,86;391 909,49;41,4%
20.04.2025;Санкт-Петербург;L. Chen;Тариф Команда;15;226 893,91;149 698,86;34,0%
18.06.2025;Екатеринбург;D. Orlov;Доп. место;2;66 878,57;40 868,12;38,9%
20.03.2025;Казань;S. Kim;Тариф Базовый;5;63 265,93;26 031,20;58,9%
12.03.2025;Санкт-Петербург;L. Chen;Тариф Про;35;951 207,11;470 294,92;50,6%
21.08.2025;Москва;M. Ivanova;Доп. место;13;263 043,65;143 349,78;45,5%
29.03.2025;Москва;M. Ivanova;Тариф Базовый;28;507 295,74;254 330,60;49,9%
09.06.2025;Санкт-Петербург;S. Kim;Тариф Команда;36;707 793,01;327 502,05;53,7%
30.03.2025;Москва;S. Kim;Доп. место;3;23 367,07;10 894,83;53,4%
05.04.2025;Екатеринбург;A. Petrov;Тариф Про;23;935 065,07;380 893,83;59,3%
07.06.2025;Санкт-Петербург;D. Orlov;Тариф Команда;40;767 223,49;519 609,88;32,3%
05.05.2025;Новосибирск;S. Kim;Тариф Базовый;28;495 636,90;210 377,61;57,6%
06.03.2025;Екатеринбург;D. Orlov;Тариф Команда;3;3 181,24;2 607,83;18,0%
15.06.2025;Москва;A. Petrov;Доп. место;34;155 841,98;131 017,31;15,9%
04.05.2025;Новосибирск;D. Orlov;Тариф Базовый;31;249 894,90;117 878,62;52,8%
22.06.2025;Санкт-Петербург;D. Orlov;Доп. место;31;793 680,21;415 495,16;47,6%
09.06.2025;Москва;A. Petrov;Тариф Базовый;18;148 458,17;99 401,06;33,0%
22.05.2025;Казань;L. Chen;Тариф Про;8;225 713,04;107 636,33;52,3%
28.04.2025;Санкт-Петербург;L. Chen;Доп. место;29;1 133 323,55;523 276,91;53,8%
23.02.2025;Екатеринбург;L. Chen;Доп. место;12;73 845,27;33 772,51;54,3%
14.03.2025;Новосибирск;R. Silva;Тариф Про;27;731 148,77;336 291,79;54,0%
27.08.2025;Новосибирск;A. Petrov;Тариф Базовый;31;239 327,06;174 386,97;27,1%
15.03.2025;Казань;A. Petrov;Тариф Про;24;298 756,85;194 884,92;34,8%
17.04.2025;Москва;A. Petrov;Тариф Базовый;4;107 522,29;67 425,87;37,3%
12.02.2025;Новосибирск;L. Chen;Тариф Базовый;9;130 361,07;98 886,35;24,1%
20.07.2025;Санкт-Петербург;R. Silva;Тариф Базовый;8;108 752,53;87 860,80;19,2%
03.08.2025;Екатеринбург;L. Chen;Доп. место;34;80 684,48;36 980,24;54,2%
14.05.2025;Екатеринбург;S. Kim;Тариф Базовый;1;4 375,54;1 847,98;57,8%
20.04.2025;Москва;D. Orlov;Доп. место;19;743 034,18;454 966,57;38,8%
28.02.2025;Санкт-Петербург;L. Chen;Тариф Команда;10;18 126,70;13 507,91;25,5%
09.06.2025;Санкт-Петербург;L. Chen;Тариф Команда;4;102 404,87;60 726,16;40,7%
19.06.2025;Москва;A. Petrov;Тариф Про;15;623 855,79;270 464,70;56,6%
02.08.2025;Новосибирск;D. Orlov;Тариф Базовый;5;157 273,67;86 347,93;45,1%
01.08.2025;Казань;L. Chen;Тариф Команда;10;275 982,01;134 573,23;51,2%
13.05.2025;Новосибирск;R. Silva;Тариф Базовый;28;476 529,47;209 707,33;56,0%
21.02.2025;Москва;R. Silva;Тариф Про;8;126 656,53;83 477,25;34,1%
16.01.2025;Екатеринбург;R. Silva;Доп. место;32;359 721,09;197 020,25;45,2%
20.09.2025;Новосибирск;D. Orlov;Тариф Про;38;81 544,72;49 269,81;39,6%
09.10.2025;Санкт-Петербург;R. Silva;Тариф Про;6;235 726,39;124 354,71;47,2%
20.09.2025;Москва;L. Chen;Тариф Базовый;18;467 763,00;376 242,91;19,6%
15.09.2025;Москва;L. Chen;Тариф Команда;30;225 529,22;182 661,33;19,0%
23.03.2025;Новосибирск;D. Orlov;Тариф Команда;13;563 357,77;245 916,65;56,3%
16.04.2025;Новосибирск;D. Orlov;Тариф Базовый;1;15 630,28;7 712,50;50,7%
10.07.2025;Москва;S. Kim;Тариф Про;5;88 193,46;43 644,48;50,5%
20.09.2025;Москва;L. Chen;Тариф Про;6;164 866,93;116 906,99;29,1%
22.07.2025;Екатеринбург;D. Orlov;Тариф Базовый;28;929 181,71;528 106,08;43,2%
22.06.2025;Новосибирск;R. Silva;Тариф Про;18;445 200,41;183 595,78;58,8%
11.05.2025;Москва;R. Silva;Тариф Базовый;7;31 916,60;18 963,28;40,6%
16.07.2025;Екатеринбург;A. Petrov;Тариф Базовый;22;706 748,93;532 761,83;24,6%
09.09.2025;Новосибирск;A. Petrov;Тариф Команда;18;622 779,59;373 142,84;40,1%
15.04.2025;Санкт-Петербург;A. Petrov;Тариф Базовый;23;671 652,63;509 018,20;24,2%
27.05.2025;Казань;A. Petrov;Тариф Про;5;70 862,09;56 008,91;21,0%
15.01.2025;Новосибирск;R. Silva;Доп. место;1;24 944,29;19 609,92;21,4%
19.02.2025;Казань;L. Chen;Тариф Базовый;40;1 028 821,01;813 499,67;20,9%
29.09.2025;Москва;A. Petrov;Тариф Команда;7;246 904,74;143 472,01;41,9%
01.07.2025;Екатеринбург;D. Orlov;Тариф Про;6;132 592,24;105 749,88;20,2%
05.10.2025;Екатеринбург;S. Kim;Тариф Команда;13;90 416,01;71 722,35;20,7%
28.07.2025;Санкт-Петербург;S. Kim;Тариф Команда;26;128 323,49;57 386,39;55,3%
06.06.2025;Санкт-Петербург;D. Orlov;Доп. место;21;514 499,58;398 313,18;22,6%
26.05.2025;Казань;R. Silva;Тариф Команда;33;1 374 792,97;1 106 116,85;19,5%
17.02.2025;Казань;L. Chen;Тариф Базовый;5;88 183,90;62 600,01;29,0%
15.10.2025;Екатеринбург;A. Petrov;Доп. место;33;909 742,78;486 665,36;46,5%
07.06.2025;Екатеринбург;R. Silva;Тариф Базовый;18;450 532,89;240 602,70;46,6%
29.04.2025;Новосибирск;L. Chen;Доп. место;18;784 816,79;648 347,38;17,4%
22.07.2025;Екатеринбург;D. Orlov;Доп. место;35;857 253,58;660 297,03;23,0%
18.04.2025;Новосибирск;A. Petrov;Доп. место;26;77 391,95;38 360,29;50,4%
23.04.2025;Екатеринбург;A. Petrov;Тариф Про;19;755 641,00;355 726,03;52,9%
30.09.2025;Москва;L. Chen;Тариф Базовый;7;81 106,05;42 232,87;47,9%
21.07.2025;Новосибирск;D. Orlov;Тариф Команда;13;466 476,03;205 914,71;55,9%
16.10.2025;Екатеринбург;S. Kim;Тариф Про;27;791 533,51;416 312,25;47,4%
12.09.2025;Новосибирск;A. Petrov;Доп. место;13;312 897,48;220 060,83;29,7%
26.04.2025;Новосибирск;R. Silva;Тариф Команда;9;141 875,04;85 391,57;39,8%
03.07.2025;Казань;R. Silva;Тариф Команда;38;1 418 868,01;1 175 415,91;17,2%
14.03.2025;Екатеринбург;S. Kim;Тариф Про;14;335 516,43;174 072,43;48,1%
08.06.2025;Санкт-Петербург;L. Chen;Тариф Команда;24;419 722,41;332 590,69;20,8%
20.09.2025;Санкт-Петербург;S. Kim;Тариф Про;4;119 735,74;79 485,19;33,6%
19.04.2025;Екатеринбург;A. Petrov;Тариф Команда;14;600 049,61;498 026,22;17,0%
18.04.2025;Казань;R. Silva;Тариф Команда;26;278 354,60;170 390,35;38,8%
08.06.2025;Екатеринбург;S. Kim;Тариф Команда;30;260 459,59;141 710,87;45,6%
10.08.2025;Екатеринбург;A. Petrov;Тариф Команда;28;1 198 066,18;634 888,37;47,0%
26.07.2025;Екатеринбург;A. Petrov;Тариф Команда;9;291 727,17;222 371,15;23,8%
18.05.2025;Казань;M. Ivanova;Тариф Команда;12;114 637,82;94 394,06;17,7%
14.08.2025;Москва;A. Petrov;Тариф Про;36;189 953,00;122 686,93;35,4%
15.07.2025;Москва;R. Silva;Тариф Базовый;26;523 476,97;234 976,40;55,1%
01.02.2025;Казань;D. Orlov;Тариф Команда;27;1 189 422,78;858 343,96;27,8%
31.05.2025;Новосибирск;R. Silva;Тариф Команда;19;550 641,37;277 649,26;49,6%
28.04.2025;Санкт-Петербург;M. Ivanova;Тариф Базовый;28;789 808,01;475 581,77;39,8%
20.05.2025;Екатеринбург;R. Silva;Доп. место;8;244 223,84;118 754,21;51,4%
01.06.2025;Казань;D. Orlov;Тариф Базовый;31;858 779,09;623 824,57;27,4%
19.04.2025;Новосибирск;S. Kim;Доп. место;6;94 633,49;59 134,88;37,5%
08.10.2025;Санкт-Петербург;R. Silva;Тариф Команда;39;1 692 677,91;1 428 031,66;15,6%
01.06.2025;Новосибирск;A. Petrov;Доп. место;32;140 632,45;75 400,01;46,4%
17.06.2025;Екатеринбург;R. Silva;Тариф Команда;39;334 229,41;178 738,14;46,5%
23.05.2025;Санкт-Петербург;M. Ivanova;Тариф Команда;8;253 299,12;122 295,36;51,7%
24.03.2025;Москва;A. Petrov;Доп. место;11;341 313,93;226 391,18;33,7%
25.05.2025;Москва;D. Orlov;Тариф Про;22;233 049,75;169 058,46;27,5%
31.05.2025;Екатеринбург;D. Orlov;Тариф Команда;38;1 048 721,31;865 351,17;17,5%
16.06.2025;Москва;A. Petrov;Тариф Базовый;19;178 202,18;122 331,11;31,4%
01.01.2025;Екатеринбург;D. Orlov;Доп. место;2;50 663,06;23 236,04;54,1%
08.09.2025;Казань;R. Silva;Тариф Про;29;37 465,26;30 751,19;17,9%
09.04.2025;Санкт-Петербург;A. Petrov;Тариф Базовый;5;97 071,60;82 339,39;15,2%
13.04.2025;Казань;M. Ivanova;Тариф Команда;12;113 197,82;87 608,16;22,6%
08.10.2025;Москва;S. Kim;Тариф Про;27;485 786,75;353 270,49;27,3%
22.08.2025;Казань;M. Ivanova;Тариф Про;22;917 827,35;695 867,71;24,2%
19.03.2025;Екатеринбург;L. Chen;Тариф Команда;7;79 517,88;33 012,00;58,5%
28.07.2025;Санкт-Петербург;M. Ivanova;Тариф Про;3;39 571,40;28 426,56;28,2%
22.04.2025;Новосибирск;M. Ivanova;Тариф Базовый;29;498 460,67;377 789,16;24,2%
17.06.2025;Новосибирск;L. Chen;Доп. место;36;1 392 141,25;878 346,54;36,9%
07.04.2025;Екатеринбург;M. Ivanova;Тариф Базовый;18;498 550,82;378 703,61;24,0%
20.05.2025;Казань;R. Silva;Тариф Базовый;5;108 220,69;85 108,35;21,4%
31.01.2025;Москва;A. Petrov;Тариф Базовый;11;49 027,71;38 686,75;21,1%
01.07.2025;Москва;S. Kim;Доп. место;20;194 345,53;124 969,61;35,7%
27.10.2025;Санкт-Петербург;S. Kim;Тариф Базовый;33;540 085,24;409 808,12;24,1%
30.04.2025;Новосибирск;D. Orlov;Доп. место;32;479 820,67;286 360,38;40,3%
28.01.2025;Казань;M. Ivanova;Тариф Про;19;582 947,43;394 122,91;32,4%
20.02.2025;Казань;M. Ivanova;Тариф Команда;2;67 092,74;49 905,12;25,6%
17.06.2025;Москва;M. Ivanova;Доп. место;15;243 057,11;194 829,72;19,8%
01.02.2025;Санкт-Петербург;A. Petrov;Тариф Базовый;37;989 637,49;574 438,51;42,0%
19.04.2025;Казань;M. Ivanova;Тариф Команда;2;47 998,80;37 081,26;22,7%
27.01.2025;Санкт-Петербург;D. Orlov;Доп. место;8;145 792,82;114 783,27;21,3%
01.10.2025;Санкт-Петербург;A. Petrov;Тариф Базовый;36;781 865,47;541 322,81;30,8%
23.02.2025;Москва;M. Ivanova;Тариф Команда;18;43 189,60;21 355,42;50,6%
06.03.2025;Казань;A. Petrov;Тариф Про;31;1 163 222,63;773 855,19;33,5%
06.10.2025;Новосибирск;A. Petrov;Тариф Команда;18;617 825,26;485 913,33;21,4%
05.02.2025;Москва;M. Ivanova;Доп. место;26;1 017 661,11;822 589,38;19,2%
23.07.2025;Санкт-Петербург;M. Ivanova;Тариф Про;5;200 975,90;159 911,90;20,4%
26.03.2025;Санкт-Петербург;A. Petrov;Тариф Про;37;571 126,82;280 598,83;50,9%
29.01.2025;Новосибирск;R. Silva;Доп. место;17;435 746,39;358 296,00;17,8%
20.02.2025;Екатеринбург;D. Orlov;Тариф Команда;13;504 049,88;222 331,81;55,9%
02.07.2025;Новосибирск;M. Ivanova;Тариф Базовый;2;30 384,42;19 451,17;36,0%
03.01.2025;Москва;R. Silva;Тариф Про;13;476 579,01;259 348,28;45,6%
09.03.2025;Москва;A. Petrov;Доп. место;4;66 547,23;53 120,57;20,2%
23.04.2025;Казань;R. Silva;Тариф Команда;22;259 878,15;174 277,37;32,9%
14.07.2025;Москва;L. Chen;Тариф Базовый;38;722 466,88;510 958,16;29,3%
24.03.2025;Екатеринбург;L. Chen;Доп. место;8;9 581,15;4 627,53;51,7%
13.04.2025;Москва;R. Silva;Доп. место;24;192 004,56;113 674,70;40,8%
08.09.2025;Екатеринбург;L. Chen;Тариф Команда;6;108 878,59;87 674,92;19,5%
24.10.2025;Москва;S. Kim;Тариф Команда;9;254 203,61;197 299,96;22,4%
07.07.2025;Москва;L. Chen;Доп. место;23;225 682,87;144 158,39;36,1%
12.10.2025;Екатеринбург;L. Chen;Тариф Команда;28;846 095,15;354 246,82;58,1%
13.01.2025;Москва;D. Orlov;Тариф Базовый;23;853 912,18;622 511,37;27,1%
02.10.2025;Санкт-Петербург;L. Chen;Тариф Команда;23;514 564,06;422 436,78;17,9%
04.02.2025;Екатеринбург;D. Orlov;Тариф Базовый;3;128 698,25;62 108,67;51,7%
23.03.2025;Санкт-Петербург;M. Ivanova;Доп. место;1;8 219,52;3 581,31;56,4%
26.08.2025;Москва;M. Ivanova;Тариф Про;29;731 159,12;612 174,86;16,3%
08.06.2025;Санкт-Петербург;D. Orlov;Тариф Про;12;42 632,97;29 264,72;31,4%
03.05.2025;Санкт-Петербург;A. Petrov;Тариф Базовый;13;120 312,06;78 262,89;35,0%
15.02.2025;Екатеринбург;R. Silva;Тариф Команда;34;115 335,41;72 294,79;37,3%
23.09.2025;Екатеринбург;L. Chen;Тариф Команда;22;66 845,50;32 395,71;51,5%
22.09.2025;Екатеринбург;D. Orlov;Тариф Базовый;27;811 905,19;506 532,76;37,6%
21.06.2025;Казань;D. Orlov;Тариф Базовый;35;1 394 882,61;1 104 152,13;20,8%
20.03.2025;Екатеринбург;D. Orlov;Тариф Про;34;1 429 168,09;826 249,92;42,2%
14.05.2025;Екатеринбург;S. Kim;Тариф Базовый;30;815 910,92;437 216,60;46,4%
18.10.2025;Москва;L. Chen;Тариф Про;40;277 527,41;234 218,42;15,6%
15.01.2025;Санкт-Петербург;R. Silva;Тариф Базовый;40;968 451,72;458 346,53;52,7%
09.05.2025;Санкт-Петербург;R. Silva;Тариф Базовый;22;521 484,82;338 029,90;35,2%
19.02.2025;Казань;D. Orlov;Тариф Про;36;609 283,51;480 480,35;21,1%
22.04.2025;Казань;S. Kim;Тариф Команда;23;999 712,84;784 907,56;21,5%
15.08.2025;Санкт-Петербург;A. Petrov;Доп. место;38;1 130 541,46;474 822,06;58,0%
05.02.2025;Санкт-Петербург;L. Chen;Тариф Про;8;63 524,37;52 110,17;18,0%
31.08.2025;Москва;S. Kim;Тариф Базовый;20;444 409,75;333 365,09;25,0%
24.03.2025;Казань;A. Petrov;Доп. место;1;6 629,65;2 787,49;58,0%
02.02.2025;Екатеринбург;S. Kim;Тариф Команда;36;1 076 630,11;668 853,72;37,9%
23.01.2025;Екатеринбург;D. Orlov;Доп. место;10;83 730,67;60 752,92;27,4%
12.02.2025;Новосибирск;R. Silva;Тариф Команда;39;1 376 697,46;1 156 448,08;16,0%
03.06.2025;Санкт-Петербург;A. Petrov;Тариф Команда;5;38 845,93;23 014,59;40,8%
12.01.2025;Казань;L. Chen;Тариф Про;22;327 881,52;147 973,42;54,9%
14.02.2025;Екатеринбург;R. Silva;Доп. место;5;199 352,85;97 947,06;50,9%
04.09.2025;Санкт-Петербург;S. Kim;Тариф Про;15;184 823,96;129 783,72;29,8%
01.07.2025;Казань;A. Petrov;Тариф Базовый;30;305 787,19;234 714,90;23,2%
24.06.2025;Новосибирск;S. Kim;Тариф Базовый;28;871 638,97;351 700,41;59,7%
16.03.2025;Новосибирск;D. Orlov;Доп. место;16;297 206,97;205 550,84;30,8%
07.07.2025;Новосибирск;R. Silva;Тариф Команда;40;1 288 056,39;654 368,94;49,2%
11.05.2025;Екатеринбург;L. Chen;Тариф Базовый;40;1 657 210,46;913 888,71;44,9%
14.09.2025;Новосибирск;A. Petrov;Тариф Базовый;39;647 187,02;399 473,39;38,3%
19.04.2025;Новосибирск;A. Petrov;Тариф Базовый;16;623 167,64;442 127,05;29,1%
10.03.2025;Казань;D. Orlov;Доп. место;33;41 206,62;22 676,69;45,0%
26.06.2025;Казань;L. Chen;Доп. место;22;65 511,28;52 079,23;20,5%
01.05.2025;Санкт-Петербург;D. Orlov;Доп. место;26;43 019,64;24 024,50;44,2%
02.01.2025;Санкт-Петербург;M. Ivanova;Тариф Базовый;26;756 405,59;401 075,66;47,0%
11.09.2025;Новосибирск;M. Ivanova;Тариф Про;37;494 728,00;395 834,37;20,0%
16.06.2025;Санкт-Петербург;L. Chen;Тариф Команда;14;65 826,61;36 399,78;44,7%
12.04.2025;Казань;A. Petrov;Тариф Базовый;26;416 841,52;252 622,49;39,4%
02.09.2025;Екатеринбург;D. Orlov;Тариф Базовый;5;217 809,51;89 764,72;58,8%
19.10.2025;Новосибирск;A. Petrov;Доп. место;14;275 852,48;234 116,59;15,1%
03.01.2025;Санкт-Петербург;D. Orlov;Тариф Про;17;708 600,76;590 583,03;16,7%
27.07.2025;Казань;R. Silva;Тариф Команда;31;1 254 419,52;1 054 590,81;15,9%
08.09.2025;Москва;A. Petrov;Тариф Базовый;12;349 941,40;257 484,32;26,4%
14.05.2025;Екатеринбург;L. Chen;Тариф Базовый;4;55 351,62;36 655,39;33,8%
01.09.2025;Новосибирск;L. Chen;Тариф Базовый;32;733 386,10;371 255,78;49,4%
04.07.2025;Казань;M. Ivanova;Тариф Про;12;382 144,02;294 239,50;23,0%
25.09.2025;Екатеринбург;M. Ivanova;Тариф Команда;20;370 405,45;213 334,93;42,4%
13.09.2025;Санкт-Петербург;S. Kim;Доп. место;23;727 842,63;471 865,57;35,2%
24.01.2025;Казань;S. Kim;Тариф Команда;20;373 602,33;214 634,65;42,5%
18.08.2025;Екатеринбург;M. Ivanova;Тариф Базовый;5;141 878,45;89 212,74;37,1%
11.10.2025;Екатеринбург;R. Silva;Тариф Базовый;8;98 371,49;72 472,10;26,3%
24.05.2025;Новосибирск;D. Orlov;Тариф Команда;3;21 003,17;12 163,57;42,1%
24.10.2025;Новосибирск;M. Ivanova;Доп. место;39;1 112 319,44;790 219,32;29,0%
06.06.2025;Новосибирск;L. Chen;Тариф Про;14;253 675,95;165 563,39;34,7%
04.05.2025;Казань;M. Ivanova;Тариф Базовый;8;101 124,62;56 591,19;44,0%
27.05.2025;Казань;R. Silva;Доп. место;22;333 810,98;141 817,17;57,5%
13.01.2025;Новосибирск;D. Orlov;Доп. место;33;487 856,37;255 878,63;47,6%
